ID,Nama,Usia,Alamat,Nomor Telepon,Jabatan,Gaji,Tanggal Mulai,Departemen,Status Pernikahan,Email,Atribut Khusus
EMP0001,Joshua Ortiz DVM,28,"3771 John Mission Apt. 945, Jenniferburgh, LA 02718",(467)959-9953,Analyst,12442215,2021-05-10,Sales,Menikah,awyatt@hodges.com,Cross-group discrete solution
EMP0002,Glenn Cherry,53,"USNV Fletcher, FPO AP 69567",(993)481-7255,Consultant,13682631,2015-08-04,Operations,Cerai,justinweiss@yahoo.com,Exclusive motivating encoding
EMP0003,Nicholas Williams,55,"0011 Good Square, New Michaelside, KS 05117",(361)697-1706x51540,Assistant,8656266,2016-07-30,IT,Lajang,harrisrebekah@johnson-bennett.info,Profit-focused grid-enabled challenge
EMP0004,Gabriel Hughes,37,"79095 Mcgrath Freeway, Jacksonstad, MS 89700",(680)663-6807x9543,Technician,11460908,2024-02-18,Marketing,Cerai,atkinsbrandon@mckay.com,Reactive object-oriented moratorium
EMP0005,Helen Singleton,45,"37163 Matthew Forks Apt. 944, North Kimberly, MO 38779",553-155-9060x9290,Consultant,7216448,2021-06-13,Marketing,Menikah,wardann@hotmail.com,Multi-channeled maximized model
EMP0006,Larry Dickson,24,"516 Joseph Trail Apt. 145, Andrewbury, PA 66731",001-964-470-1449,Executive,10855217,2016-03-30,Sales,Lajang,janderson@olson.com,Expanded fault-tolerant flexibility
EMP0007,Janet Decker,23,"5773 Gray Forges, North Davidchester, ND 05259",001-344-392-8015,Coordinator,13809398,2021-06-26,IT,Cerai,fischerkimberly@yahoo.com,Optional mission-critical secured line
EMP0008,Tyrone Gonzales,41,"USNS Blackwell, FPO AA 15496",696.938.9307x72021,Coordinator,13255944,2024-01-28,Operations,Menikah,patriciahall@hart.net,De-engineered user-facing attitude
EMP0009,Jose Taylor,47,"3474 Nicole Ville Suite 954, Coxtown, AK 31614",551-087-3745x2908,Analyst,8793056,2023-05-10,HR,Lajang,kelseyroberts@edwards.info,Virtual methodical protocol
EMP0010,Mr. Jacob Lee,51,"8802 Miles Route Apt. 972, South Veronica, MT 24603",+1-454-016-7102,Coordinator,6029159,2021-11-28,Sales,Cerai,olsonwayne@yahoo.com,Extended client-driven capacity
EMP0011,Erin Holland,31,"497 Kristen Coves Suite 816, Port Amy, IN 93936",+1-334-221-7335x4685,Coordinator,16514750,2022-10-29,Logistics,Cerai,jmiller@duran-jordan.com,Digitized bottom-line standardization
EMP0012,Kristina Oconnor,25,"USNV Baker, FPO AA 09935",+1-992-758-7836x8414,Assistant,15611770,2020-07-29,Marketing,Lajang,crystaljohnson@gmail.com,Face-to-face scalable emulation
EMP0013,Michael Spencer,58,"112 Randy Circles Apt. 002, Bryanmouth, GA 77969",331.425.5299x04948,Assistant,11751602,2021-07-02,Marketing,Menikah,phillipcowan@patterson-simon.com,Business-focused executive flexibility
EMP0014,Dorothy Bryant,56,"7654 Elizabeth Crescent, Murphyport, MA 51798",+1-649-036-2607x8158,Technician,8934914,2023-09-20,IT,Menikah,patty03@hotmail.com,Enterprise-wide responsive instruction set
EMP0015,Joshua Ibarra,22,"41700 Kimberly Motorway, Theresashire, MI 73403",+1-607-056-2447x32268,Executive,6896694,2018-06-22,Marketing,Cerai,alexisbrown@turner.com,Robust interactive solution
EMP0016,Mary Wiley,32,"040 Payne Canyon Suite 851, New Jasonfort, SD 12459",(209)928-7039,Coordinator,6484864,2022-11-01,IT,Cerai,cameronedwards@long.com,Profound impactful capability
EMP0017,Joshua Duarte,58,"81041 Tyler Squares Suite 331, South Christinastad, DE 11118",716-020-8751x010,Consultant,4665745,2023-02-26,Logistics,Menikah,aharris@solomon-coffey.info,Inverse 5thgeneration budgetary management
EMP0018,Vanessa Bradshaw,42,"3355 Kelly Motorway Apt. 440, Jessicaport, PA 96484",(923)729-0862,Manager,13846200,2022-08-24,IT,Menikah,rodriguezsean@santos-morrow.com,Adaptive heuristic frame
EMP0019,Matthew Mendoza,22,"2165 Ferguson Unions Suite 432, Gregoryville, NM 96133",1268500984,Technician,17755652,2016-12-07,Marketing,Menikah,charlesrios@gmail.com,Down-sized disintermediate leverage
EMP0020,Valerie Romero,43,"Unit 4745 Box 0655, DPO AE 14983",222-707-0038,Technician,5426928,2021-04-14,Logistics,Menikah,hectormccullough@yahoo.com,Exclusive 6thgeneration throughput
EMP0021,Jack Chaney,38,"23710 Jennifer Brooks, North Josephhaven, OR 60809",(372)733-3158x3874,Consultant,14514777,2020-04-14,Finance,Lajang,randerson@hotmail.com,Polarized asymmetric standardization
EMP0022,Bradley Davis,59,"296 Daniel Plaza, Smithview, VA 21326",809-946-6066,Executive,12767890,2017-08-21,Logistics,Cerai,thomas18@hotmail.com,Virtual bifurcated knowledgebase
EMP0023,James Hester,46,"8093 Owens Rapids, Lake Jessica, NE 01448",001-558-244-0362x01014,Manager,5563724,2015-04-16,Operations,Lajang,brandyyoung@davis-baker.info,Persistent secondary circuit
EMP0024,Adrienne Rosales,47,"005 Francis Falls Suite 995, South Lauraton, VA 31082",+1-073-434-9762x6764,Manager,13376536,2016-08-15,Marketing,Menikah,stevenbutler@reid-morrison.org,Extended clear-thinking contingency
EMP0025,Robin Garner,50,"Unit 7836 Box 9531, DPO AA 74984",091.250.1533,Executive,7130617,2020-09-23,IT,Cerai,dsanders@yahoo.com,Pre-emptive asynchronous hierarchy
EMP0026,Christina Phillips,38,"USNV Shepherd, FPO AA 61060",+1-097-037-7505x22933,Manager,9589330,2024-11-20,Sales,Lajang,cummingsbrittany@hotmail.com,User-centric zero administration customer loyalty
EMP0027,Daniel Flores,26,"2503 Hudson Locks, Lopezchester, WI 34047",738-381-4848x7803,Technician,18260000,2019-12-16,Marketing,Lajang,wolson@hotmail.com,Enterprise-wide dynamic knowledgebase
EMP0028,Jacqueline Murphy,24,"USNV Webster, FPO AP 01553",001-262-191-9313x239,Coordinator,13180502,2020-11-30,Marketing,Lajang,ashleymichael@anderson.org,Up-sized tangible toolset
EMP0029,David Wright,55,"65915 Lawrence Turnpike Suite 348, Lake Johnborough, HI 92798",(515)500-6435x1720,Coordinator,16435212,2020-01-20,HR,Cerai,abauer@hotmail.com,Profit-focused hybrid info-mediaries
EMP0030,Greg Moreno,41,"37299 Griffin Port Suite 562, Hansonport, OH 99741",964.891.6020x485,Assistant,12415296,2023-08-06,Finance,Cerai,vgomez@yahoo.com,Synchronized dedicated application
EMP0031,Kristen Lee,38,"836 Veronica Gardens, Lake Karen, WA 47347",+1-953-338-8647x4634,Manager,4842705,2022-03-01,Operations,Lajang,cpatterson@ball-cochran.com,Business-focused well-modulated complexity
EMP0032,Elizabeth Lee,44,"1418 Thomas Route Apt. 898, Lake Susan, RI 50188",8465234465,Consultant,18319811,2024-01-07,HR,Cerai,randall99@moore.com,Streamlined scalable moderator
EMP0033,Whitney Blackwell,53,"518 Joshua Flat, Floresburgh, MN 78250",001-171-317-2970x1911,Consultant,16274723,2016-01-20,Marketing,Lajang,hsweeney@gmail.com,Diverse even-keeled orchestration
EMP0034,Ariel Nichols,42,"6079 Richard Isle Suite 687, Jessicahaven, AL 30190",(077)625-1611x814,Assistant,16841309,2017-10-14,Sales,Lajang,karen37@gmail.com,Multi-lateral asynchronous ability
EMP0035,Christina Alexander,52,"Unit 9094 Box 4314, DPO AP 10586",921.861.4097,Assistant,10057725,2019-02-20,Sales,Cerai,pflores@glover.info,Exclusive mission-critical info-mediaries
EMP0036,Thomas Pierce,50,"Unit 7241 Box 0832, DPO AE 28587",+1-465-308-8946x5605,Executive,13533624,2015-02-21,HR,Lajang,xking@yahoo.com,Versatile reciprocal encryption
EMP0037,Brian Rubio,60,"45459 Carmen Meadow Apt. 312, Lake Robert, MA 26211",818.337.6641x8372,Executive,14782046,2019-04-09,IT,Menikah,ybennett@herrera-hart.com,Adaptive methodical installation
EMP0038,Jonathan Smith DDS,43,"07150 Schwartz Heights, South Christinaland, NE 03621",1703473257,Manager,13745333,2017-09-16,Logistics,Cerai,qwyatt@salazar.org,Horizontal multi-tasking interface
EMP0039,Joshua Jackson,56,"121 Jonathan Valley, Nicoleshire, LA 90868",(570)258-0277,Assistant,18598500,2017-05-27,IT,Cerai,grichards@gmail.com,Down-sized methodical structure
EMP0040,Bryan Brown,37,"4921 Contreras Cliff Apt. 253, Port Ricky, AZ 66304",(684)591-9499x576,Executive,18512667,2024-11-20,Marketing,Cerai,jporter@hotmail.com,Re-engineered actuating strategy
EMP0041,Sherry Giles,25,"26532 Clark Creek, New Thomas, RI 00729",225.002.1876,Coordinator,9926340,2020-03-03,Finance,Lajang,znelson@yahoo.com,Streamlined motivating matrices
EMP0042,Stephen Copeland,32,"370 Teresa Forge, South Sara, OR 86310",793-164-3096x90851,Technician,5450979,2022-11-23,HR,Menikah,john49@hotmail.com,Persevering explicit matrix
EMP0043,Samuel Burnett,39,"921 Mason Loop Suite 217, Burkeborough, RI 33012",(375)256-7981,Executive,11813535,2023-06-01,Sales,Cerai,robyn55@yahoo.com,Enhanced web-enabled frame
EMP0044,Robert Silva,49,"18465 Steven Grove Suite 150, Garzafort, TX 68450",862.097.7513,Consultant,7151840,2016-06-30,HR,Menikah,john73@cervantes-rogers.com,Re-engineered systematic website
EMP0045,Alexandria Garcia,38,"72250 James Burg Suite 698, New Crystal, ID 86038",001-203-370-2527x5685,Coordinator,3480655,2024-05-25,Operations,Cerai,butlertina@rogers.com,Implemented content-based synergy
EMP0046,Sarah Bell,59,"174 Mooney Land Suite 177, Meagantown, OR 87468",237-940-3250x375,Executive,4663197,2018-12-15,HR,Menikah,barberbill@patel-graham.com,Public-key executive policy
EMP0047,Amy Reed,31,"5373 Powell Cape, Fischerchester, AZ 12517",001-763-026-3255x602,Manager,16127936,2024-08-29,Marketing,Cerai,uharris@gmail.com,Function-based discrete extranet
EMP0048,Lisa Taylor,31,"36324 Barnes Haven, Marthaton, NH 91588",112.844.1530x77579,Coordinator,16661771,2016-12-24,HR,Menikah,rroy@lee.com,Multi-layered non-volatile artificial intelligence
EMP0049,Robert Hill,46,"55149 Caleb Motorway, North Dennis, NH 78685",975.772.8066,Consultant,9510450,2019-07-29,IT,Menikah,idonovan@sanchez.com,Synergistic responsive support
EMP0050,Angela Russell,32,"188 Kimberly Hills Suite 148, Cannonfurt, VA 51206",8853690082,Coordinator,7800013,2017-12-16,Finance,Cerai,lrush@hotmail.com,Enterprise-wide upward-trending extranet
EMP0051,Cameron Brewer,47,"628 Smith Forge Apt. 557, Thompsonstad, IL 64691",(857)833-2774,Manager,13588043,2019-12-27,Operations,Menikah,gordonmorgan@yahoo.com,Streamlined value-added architecture
EMP0052,Yvonne Castillo,51,"28535 Cory Vista, West Nataliechester, TN 82445",+1-906-225-4716x16099,Executive,4230614,2015-02-04,Operations,Cerai,ramirezlisa@yahoo.com,Profound multi-state software
EMP0053,John Smith,32,"82094 Michelle Centers, Shermanstad, TX 72042",039.740.5124x8363,Manager,18561865,2020-06-10,Marketing,Lajang,johnbooker@hotmail.com,Assimilated analyzing support
EMP0054,Anne Martin,55,"3870 Amy Forge Apt. 262, Kelseyberg, NH 77501",395.384.7349,Executive,9341012,2015-11-04,Logistics,Lajang,hwilson@hotmail.com,Optimized zero-defect task-force
EMP0055,Stephen Miller,25,"96734 Timothy Brooks Suite 674, New Sarah, HI 60588",(849)161-7046x498,Consultant,4603521,2023-12-17,IT,Lajang,sheilapatterson@gmail.com,Reverse-engineered stable service-desk
EMP0056,Misty Brown,27,"455 James Crescent, Robertside, NV 84967",516.901.8942x47979,Consultant,5194953,2022-04-02,IT,Menikah,chrisgardner@hale-acevedo.com,Vision-oriented multimedia moratorium
EMP0057,Katherine Ferguson,53,"98052 Martin Vista, Willisstad, ID 57868",001-354-570-4298x5102,Analyst,11576758,2022-09-22,Marketing,Lajang,mdaniels@cabrera-salazar.org,Monitored executive migration
EMP0058,Victoria Parsons,38,"458 Glover Hollow, West Justin, DE 47031",(066)896-6261,Executive,3670682,2015-10-24,IT,Lajang,denisethomas@hotmail.com,Operative logistical projection
EMP0059,Rachel Hill,47,"97861 Mendoza Street, South Melissa, NJ 92123",(854)445-9777x74704,Executive,7083023,2015-03-02,Logistics,Menikah,jenkinschelsea@hotmail.com,Customizable hybrid open system
EMP0060,Anthony Collins,39,"20029 Dickson Extensions, West Jasonchester, NH 14449",(681)126-6151,Assistant,4408105,2015-01-17,HR,Menikah,dclements@gmail.com,Digitized bi-directional artificial intelligence
EMP0061,Daniel Boyd,32,"26599 Craig Rapid Suite 286, South Jill, WA 66900",136.191.9538x064,Executive,15160748,2024-06-05,Finance,Lajang,kimberly96@hotmail.com,User-friendly intermediate system engine
EMP0062,Colleen Washington,29,"1780 George Spring, Angelamouth, SD 77325",346-176-3879x29595,Analyst,10137918,2017-11-16,HR,Cerai,kimberlychavez@hotmail.com,Cross-platform even-keeled encoding
EMP0063,Erin Mcintosh,47,"811 White Lights Apt. 413, North Janetbury, AL 09174",623.986.8262,Assistant,18112232,2017-04-17,Operations,Lajang,paul98@yahoo.com,Reduced demand-driven productivity
EMP0064,Mrs. Danielle Schaefer DDS,40,"6270 Steven Tunnel, Moorechester, VA 78690",001-361-374-6120x3027,Technician,19173180,2015-05-01,Finance,Cerai,timothy78@miller.biz,Fundamental analyzing complexity
EMP0065,Kimberly Barnes,43,"714 Bruce Ridges Suite 027, East Christina, MA 06228",378-319-9779x562,Manager,5461103,2023-07-29,Finance,Lajang,grace21@reyes.info,Down-sized hybrid hardware
EMP0066,Heather Jordan,33,"9375 Scott Mills, Amyview, WY 84598",001-040-121-3384x822,Assistant,15168039,2015-03-13,HR,Lajang,robertswilliam@thompson.com,Programmable client-server hub
EMP0067,Brady Myers,38,"13041 Antonio Inlet Suite 855, New Derekton, ID 11640",227.708.2754x632,Executive,6607260,2019-06-19,Finance,Cerai,bowersfrances@hotmail.com,Virtual hybrid project
EMP0068,Donna Conner,23,"114 Guzman Junction, Coxburgh, AR 99915",233.917.8168x26034,Analyst,4218325,2015-03-24,Sales,Lajang,javierlutz@vasquez.com,Reduced directional synergy
EMP0069,Elizabeth Coleman,50,"211 Taylor Village, Thomasburgh, MA 92633",998-983-0867x3247,Coordinator,3218817,2015-10-21,IT,Lajang,lwatkins@mcdaniel.com,Diverse mission-critical open system
EMP0070,Lori Ritter,47,"1670 Johnson Ports Apt. 334, West Erika, RI 55313",497-682-3282,Assistant,12785392,2022-08-17,Finance,Menikah,xshannon@gmail.com,Customer-focused leadingedge circuit
EMP0071,Joseph Rodriguez,30,"472 Bishop Gateway Suite 324, East Dan, IN 50575",318-664-7059,Assistant,11293174,2018-12-30,Finance,Menikah,matthew05@gmail.com,Proactive exuding algorithm
EMP0072,Corey Mckinney MD,24,"97918 Brown Plains Suite 447, New Loretta, NM 46883",+1-901-012-2346x147,Coordinator,6145505,2023-01-06,IT,Lajang,andersonvalerie@marshall.com,User-centric methodical firmware
EMP0073,Luis Atkins,53,"65018 Bryant Fall Suite 190, Jonathanview, AR 46433",4909238850,Technician,11155036,2015-01-22,HR,Cerai,kristopher91@edwards.com,Integrated bottom-line firmware
EMP0074,Bobby Edwards,24,"2547 May Knoll Suite 863, Manuelside, ME 11529",013.560.0969,Consultant,18623805,2019-08-12,Logistics,Cerai,webbnicholas@peters-washington.com,Re-contextualized reciprocal paradigm
EMP0075,Gail Hill,44,"50648 Sarah Coves Suite 628, Johnsonland, KS 40168",001-666-548-3150x19512,Executive,6579659,2022-05-14,Operations,Lajang,monica82@yahoo.com,Digitized hybrid solution
EMP0076,Allison Lopez,26,"0370 King Oval, Collinsland, TX 46699",+1-499-068-7810x7625,Technician,14066666,2018-11-24,HR,Menikah,ewalker@gmail.com,Right-sized incremental paradigm
EMP0077,Deanna Craig,55,"7857 Amanda Orchard Suite 157, West Jennifer, MN 68092",(920)795-2428x70795,Assistant,6573933,2016-07-15,Operations,Cerai,debrachandler@dennis-pierce.net,Assimilated full-range Local Area Network
EMP0078,Tiffany Mills MD,55,"95518 John Springs Apt. 024, East Kelli, WI 55402",+1-316-803-4772x16457,Analyst,14374654,2022-04-13,Logistics,Menikah,orrjulie@yahoo.com,Organized radical knowledge user
EMP0079,Cindy Anderson,48,"6628 Daugherty Hills Apt. 645, Larryfort, AK 97485",1389885969,Manager,5406201,2016-01-23,HR,Cerai,adrian76@hotmail.com,Configurable discrete application
EMP0080,Christopher Lopez,47,"386 Rodriguez Passage Apt. 182, New Trevorfurt, WI 60232",(031)210-6914,Assistant,9240946,2021-08-27,HR,Cerai,tmahoney@yahoo.com,Total system-worthy capacity
EMP0081,Kimberly Hernandez,31,"USNV Steele, FPO AP 49744",349-196-4839x72975,Technician,10617481,2019-11-25,Operations,Cerai,parkrichard@campbell-townsend.com,Virtual non-volatile matrix
EMP0082,Cody Gordon,49,"3059 Riley Haven Suite 709, East Robertbury, IN 09204",7543818227,Consultant,16373578,2023-07-02,Operations,Lajang,nataliewilliams@taylor-mccoy.com,Multi-layered demand-driven secured line
EMP0083,Linda Jones,45,"369 Crystal Court Suite 987, Tonyaberg, IN 09353",(679)620-0925x75635,Technician,9370889,2024-02-23,Operations,Menikah,alexander35@harrison.com,Team-oriented directional protocol
EMP0084,Christopher Dickson,27,"648 Stone Landing, North Paulchester, MI 43787",(752)127-1192x040,Analyst,6754906,2019-08-19,Logistics,Menikah,williamsrichard@yahoo.com,Public-key 24hour parallelism
EMP0085,Anthony Beck,27,"227 Perez Canyon Suite 151, Anthonystad, CA 03438",001-598-697-5289x74815,Analyst,18115269,2018-05-26,Sales,Lajang,brad20@higgins.com,Innovative coherent migration
EMP0086,Tim Salinas,54,"7361 Scott Islands, West Georgetown, CO 35312",318.531.1648,Technician,16380707,2016-06-17,Logistics,Lajang,christina21@gmail.com,Programmable system-worthy Graphical User Interface
EMP0087,James Jackson,50,"6638 Garcia Spring Apt. 103, Lake Toddmouth, NJ 33139",+1-640-506-4366x028,Coordinator,19114281,2023-12-08,Operations,Lajang,qsims@yahoo.com,Focused maximized orchestration
EMP0088,Mr. Kevin Allen,28,"54404 Stacy Cove, Lake Seanbury, DC 75160",499-245-7490x6332,Executive,6334581,2021-08-02,Marketing,Cerai,johnsonnatasha@holmes.com,Digitized tangible implementation
EMP0089,Elizabeth Williams,34,"USS Reed, FPO AP 86173",001-390-254-5301x85161,Assistant,9239800,2023-07-19,Marketing,Lajang,andrew74@lang.biz,Multi-channeled human-resource knowledgebase
EMP0090,Janice Freeman MD,48,"3118 Joshua Harbor, North Thomas, WA 70453",(059)570-3435x02770,Assistant,3295908,2023-04-03,Logistics,Cerai,nchavez@zimmerman.com,Multi-layered uniform moderator
EMP0091,Jackie Blackwell DDS,37,"676 David Island, Rebeccaside, NY 85112",667.637.7229,Analyst,10544960,2021-07-25,Marketing,Cerai,stephenhammond@mcconnell.com,Focused mobile Internet solution
EMP0092,Renee Robinson,31,"4423 Callahan Roads Apt. 716, Johnsonfurt, KS 79258",001-485-025-7406x500,Consultant,16376574,2019-03-01,Marketing,Menikah,jacquelinepitts@hotmail.com,Exclusive real-time definition
EMP0093,Andrea Wallace,56,"9196 Thornton Viaduct, Sheliaborough, AK 70763",798.671.8688x91285,Assistant,16777875,2020-05-25,HR,Lajang,jesseward@yahoo.com,Implemented solution-oriented middleware
EMP0094,Brian Young,32,"4459 Gabriella Parkway, Shannonton, AZ 25516",001-345-986-2873,Assistant,17709627,2021-01-11,IT,Menikah,mgomez@hotmail.com,Synchronized needs-based throughput
EMP0095,John Garrison,27,"USS Lopez, FPO AA 38757",(045)005-3134x83591,Manager,6949006,2023-08-27,Finance,Lajang,longscott@diaz-daugherty.com,Quality-focused systemic system engine
EMP0096,Michael Martinez,55,"1935 Downs Loop Apt. 326, Teresaport, WI 25629",001-809-884-2015x959,Technician,7380115,2017-09-30,HR,Lajang,ggarcia@herrera-hunt.com,Innovative solution-oriented knowledge user
EMP0097,Nicholas Norton,41,"26610 Hansen Stream Apt. 313, Lake Ronald, IL 00612",915-020-0896x1643,Manager,17524690,2023-05-15,HR,Cerai,morganmarcia@yahoo.com,Right-sized 24/7 website
EMP0098,Edward Meyers,48,"7828 Park Parks Suite 591, Port Shelleyborough, NH 38842",+1-480-897-2434,Analyst,10136824,2014-11-26,Finance,Lajang,christine27@bradford.net,Realigned contextually-based challenge
EMP0099,Luis Hubbard,42,"PSC 8950, Box 0322, APO AE 17269",295-609-8490,Executive,16435118,2023-01-23,Marketing,Cerai,williamsjustin@barnes.com,Configurable incremental productivity
EMP0100,Richard Moore,59,"6841 Anderson Radial, Kimberg, CO 42956",595-486-7333x35007,Executive,15540726,2016-02-21,Logistics,Menikah,charlessalazar@pollard-foster.com,Multi-channeled reciprocal encoding
EMP0101,Kimberly Bush DDS,50,"Unit 5932 Box 4534, DPO AP 91832",720.783.6913x89298,Technician,19907884,2023-12-06,Marketing,Menikah,ymiller@yahoo.com,Distributed multi-tasking algorithm
EMP0102,Claudia Pollard,52,"77178 Melanie Lock, Warrenfort, IL 82799",001-446-765-7656x9963,Executive,10444883,2018-07-20,HR,Menikah,diana45@gmail.com,Streamlined regional migration
EMP0103,Amanda Byrd,48,"4582 Courtney Course Apt. 732, West Nicolemouth, AR 92063",+1-213-362-4976x2357,Technician,19330515,2015-03-15,Sales,Lajang,samuelmorrison@king.org,Cross-group 4thgeneration definition
EMP0104,Victoria Chavez,49,"11086 Dean Rest Suite 087, Port Kathleenfurt, TX 86787",733.983.5409x133,Manager,19936344,2018-12-21,Finance,Menikah,lgreen@wang.biz,Fundamental motivating circuit
EMP0105,Michelle Bird,49,"51804 Alvarez Ports, Cruzstad, AL 47363",(251)761-1288x0410,Consultant,15225066,2022-06-17,Finance,Menikah,gomezdonald@clark.com,Extended explicit Graphic Interface
EMP0106,Alison Mccullough,40,"504 Ruth Junction, West James, SD 01713",001-938-286-5837x65044,Manager,4227480,2015-11-10,Marketing,Lajang,julie44@yahoo.com,Assimilated explicit middleware
EMP0107,Vanessa Jackson,41,"514 James Landing Suite 183, Fraziertown, SD 09418",854-592-3274x58795,Manager,18653548,2017-07-27,Logistics,Lajang,william28@mills.org,Enhanced homogeneous core
EMP0108,Michael Wilson,50,"79096 Wheeler Glens Suite 285, Bryantborough, GA 07633",051.236.5111,Consultant,7075702,2020-09-09,IT,Cerai,nicholas56@webb.org,Switchable exuding help-desk
EMP0109,Matthew Mathews,55,"164 Valencia Vista, Port Lanceborough, AK 46644",(870)194-0792x571,Analyst,18697528,2019-02-27,IT,Menikah,lwilliams@hotmail.com,Universal secondary structure
EMP0110,Hailey Campbell,52,"1518 Cooper Branch Suite 969, East Martin, SC 19022",5293504016,Assistant,14731867,2021-10-30,Operations,Lajang,pmurphy@white.com,Future-proofed needs-based attitude
EMP0111,Jenna Walters,52,"6562 Fox Mills, East Todd, KS 28812",617.218.8565x25598,Consultant,14562482,2023-12-31,Logistics,Menikah,davisrachel@fleming-munoz.net,Stand-alone demand-driven conglomeration
EMP0112,Christine Bauer,29,"1308 Sarah Place, Sharpburgh, NV 97832",+1-603-468-0955x071,Technician,7018003,2021-03-04,IT,Cerai,christina40@gmail.com,Multi-tiered zero tolerance application
EMP0113,Brenda Vargas,41,"1960 Heather Trail, Lukeside, AK 84747",+1-074-677-0680,Coordinator,18898842,2015-08-05,Logistics,Lajang,john07@yahoo.com,Enterprise-wide radical success
EMP0114,Ronald Moore,22,"USNV Thomas, FPO AA 68986",(025)907-9178x603,Analyst,18186971,2023-03-30,HR,Lajang,nicholassolis@yahoo.com,Balanced radical function
EMP0115,John Gibson,60,"7659 Rachel Harbors, Jonburgh, GA 01511",001-668-991-4555x073,Manager,8477234,2017-12-09,Sales,Lajang,hcruz@hotmail.com,Extended even-keeled functionalities
EMP0116,Diana Meyer,35,"61359 Jenkins Fields Suite 482, Micheleport, NY 98035",(578)183-9989x1160,Executive,19533755,2017-11-02,IT,Cerai,ijackson@robinson-ortiz.com,Business-focused local pricing structure
EMP0117,Matthew Taylor,42,"1659 Christopher Stravenue, Jamesbury, AL 69786",098.685.6895,Manager,11472890,2015-08-09,Operations,Cerai,armstrongtracy@yahoo.com,Self-enabling 6thgeneration extranet
EMP0118,Theresa Hayes,60,"926 Amanda Hollow Suite 628, West Danielmouth, MN 67984",+1-641-686-7608x999,Technician,6939552,2018-02-03,Operations,Menikah,cisneroscaleb@gmail.com,Synergistic optimizing emulation
EMP0119,Vanessa Carlson,51,"56280 Beasley Club Suite 531, Woodmouth, AL 04815",(764)799-4547,Assistant,4349201,2024-02-21,Finance,Lajang,michaelbrown@hotmail.com,Function-based methodical Internet solution
EMP0120,Dana Weber,28,"35047 Jonathan Port, Teresaside, RI 90801",(266)707-8412x04493,Assistant,8283887,2015-02-08,Sales,Lajang,richard49@ayala.com,Decentralized responsive initiative
EMP0121,Daniel Lucas,25,"6218 Elaine Pike Suite 005, Jeanetteport, SC 53218",001-208-477-0902x994,Coordinator,9733529,2018-03-04,Logistics,Lajang,ryan68@long-williams.com,Devolved bottom-line capacity
EMP0122,Laurie Clark,60,"5551 Brian Island Apt. 002, East Courtneyville, AL 96048",+1-890-178-1937x134,Technician,3425145,2015-02-15,Operations,Lajang,megan91@gmail.com,User-friendly client-server utilization
EMP0123,Amanda Watson,34,"618 Kayla Plains Suite 357, Cannonfort, WI 02014",(098)132-3368x96419,Executive,5280626,2018-02-13,Finance,Lajang,heather89@hotmail.com,Fully-configurable object-oriented function
EMP0124,Larry Miller,33,"1086 Carlos Vista, South Christine, IN 26708",134.207.0438,Technician,3971356,2018-03-18,Logistics,Lajang,garciacory@padilla-cooper.com,Monitored dynamic migration
EMP0125,Judith Nichols,56,"6663 Leah Ranch Apt. 028, South Eric, DC 67371",725-099-9245x809,Technician,17550560,2015-10-03,IT,Lajang,aliciayoung@yahoo.com,Future-proofed bandwidth-monitored data-warehouse
EMP0126,Matthew Allen,36,"61767 Macdonald Cove Apt. 963, Port Joshuaburgh, OR 54737",001-408-814-4203x036,Assistant,9738724,2018-02-23,Operations,Lajang,taylor19@morgan.net,Configurable intangible structure
EMP0127,Heather Carpenter,57,"905 Michael Pass, West Alexandramouth, DE 40652",941.846.7650x5847,Analyst,9113384,2015-08-29,Marketing,Menikah,christopher32@logan.biz,Phased discrete knowledge user
EMP0128,Nicholas Williams,44,"USNS Nguyen, FPO AE 11743",200-266-7099,Coordinator,12078329,2024-06-18,Finance,Menikah,wrightshannon@harrison.com,Stand-alone asynchronous benchmark
EMP0129,Jill Carter,50,"36009 Ruth Mount Apt. 709, Gomezborough, ME 79271",721.245.1840x02539,Coordinator,4453442,2016-06-24,Marketing,Cerai,madison76@ward-williams.org,Configurable needs-based capability
EMP0130,Michael Edwards,38,"4144 Taylor View Suite 744, Lake Lisaview, SC 79239",001-175-872-2012,Manager,12261687,2015-11-07,Finance,Menikah,francisvanessa@snyder-wilson.com,Seamless high-level website
EMP0131,David Adams,26,"4648 Emily Union Apt. 216, Lake Pamelachester, TX 16979",585.727.4639x09026,Assistant,11482237,2016-03-21,HR,Cerai,umccarthy@lewis-clayton.com,Configurable web-enabled system engine
EMP0132,Ryan Cobb,42,"Unit 2501 Box 4087, DPO AA 35600",863-523-5680x567,Assistant,16234737,2020-01-28,Finance,Lajang,sheilaconley@cook.info,Expanded bifurcated focus group
EMP0133,Courtney Sexton,58,"34564 Reyes Land Apt. 622, New Crystalview, DE 63580",(647)593-6129,Technician,11425198,2018-02-22,Sales,Cerai,wmanning@gentry.org,Grass-roots national collaboration
EMP0134,Susan Sanders,26,"21875 Zachary Harbor Apt. 276, Port Michaelside, OR 34409",(388)328-3960x526,Manager,3323192,2018-09-03,HR,Lajang,cheyenne23@yahoo.com,Multi-channeled full-range projection
EMP0135,Victoria Thompson,42,"10630 Rodney Forges, Hendrixhaven, DE 65064",(384)044-5967,Analyst,14389091,2020-01-26,Marketing,Lajang,adudley@hotmail.com,Switchable exuding project
EMP0136,Eric Smith,46,"12897 Moss Club Apt. 463, Vasquezhaven, TN 57875",001-865-765-7434,Analyst,15671137,2021-02-12,Sales,Lajang,perrydeanna@yahoo.com,Integrated responsive initiative
EMP0137,Theresa Clements,37,"68554 Gilbert Islands, Port Mark, TX 93877",067-438-8572x6153,Coordinator,12924808,2021-01-29,Marketing,Menikah,morenovictor@mckinney.com,Persistent executive moderator
EMP0138,Crystal Johnson,27,"96134 Paige Inlet, Willisshire, NC 78376",001-062-133-3410,Consultant,10266160,2021-06-29,Operations,Cerai,schaeferkristen@yahoo.com,Polarized bi-directional migration
EMP0139,Joel Campbell,41,"146 Jonathan Path, West Michaelview, CO 48500",296-744-5922x482,Executive,12874214,2022-06-03,Operations,Cerai,powelldaniel@yahoo.com,Re-contextualized empowering portal
EMP0140,Sharon Francis,33,"02628 Sergio Spur Suite 549, Hillstad, WY 09022",(563)253-2560,Technician,5673092,2017-04-02,IT,Menikah,spencer58@yahoo.com,Extended global benchmark
EMP0141,Jeffrey Howell,40,"9282 Davis Heights, East Benjamin, CA 46627",7925039109,Technician,13200998,2020-08-30,HR,Menikah,miablair@moore.info,Realigned tangible flexibility
EMP0142,April Miller,34,"7937 Charles Branch, East Victoria, VA 27459",2045222416,Coordinator,6402358,2014-11-25,Finance,Lajang,wcruz@schroeder-jordan.com,Phased zero-defect initiative
EMP0143,Debbie Cook,51,"PSC 8934, Box 5123, APO AA 30170",3580646046,Executive,14787092,2019-03-22,Sales,Menikah,jonesmichael@yahoo.com,Synchronized attitude-oriented task-force
EMP0144,David Zamora,50,"38569 Eugene Expressway Apt. 450, Brocktown, MA 07854",981.660.5846x754,Assistant,11635331,2020-01-29,IT,Menikah,ryanbrittney@yahoo.com,Cross-platform responsive paradigm
EMP0145,Jeremy Griffith,47,"630 Kevin Club, Nicolemouth, HI 11977",+1-395-753-2819x20164,Manager,6073945,2021-04-09,Finance,Menikah,tammy25@hotmail.com,Robust intermediate open system
EMP0146,Joseph Robbins,25,"93623 Harris Mills, Gabrielleburgh, SC 01152",001-654-485-7378x94677,Assistant,10129944,2019-03-21,IT,Menikah,silvajustin@gmail.com,Quality-focused intangible groupware
EMP0147,Joseph Stevens DDS,22,"6779 Jeremy Landing, West Amanda, MN 78668",001-962-172-4022,Technician,14551773,2022-04-05,Logistics,Cerai,dburns@tanner.org,User-centric interactive adapter
EMP0148,Grant Tucker,33,"289 Dorothy Park Apt. 562, Sarahbury, PA 83054",001-891-593-7844x4392,Executive,11829042,2014-12-02,HR,Menikah,josetaylor@morales-adams.com,Synergistic modular standardization
EMP0149,Kelly Huerta MD,31,"87392 Susan Stream, Kingfurt, UT 93916",310-748-5501x449,Coordinator,13491557,2024-07-13,Logistics,Lajang,hoodtiffany@rasmussen.com,Centralized 3rdgeneration budgetary management
EMP0150,Briana Skinner,53,"7216 Joseph Trafficway Apt. 835, South Michael, NY 61084",501.207.8102x329,Consultant,12985489,2018-11-03,Logistics,Lajang,tonijohnson@gmail.com,Persevering user-facing synergy
EMP0151,Tanya Howell,24,"34385 Jones Stravenue, Lopezmouth, WA 21742",+1-837-256-6497x95282,Manager,19869915,2016-10-30,HR,Cerai,sean30@gmail.com,Fundamental reciprocal neural-net
EMP0152,Dr. James Smith,34,"USCGC Berry, FPO AP 95839",001-548-083-9266x07194,Executive,16504115,2020-10-30,Finance,Cerai,kevinblair@hotmail.com,Multi-channeled encompassing help-desk
EMP0153,Gregory Foster,36,"569 Scott Mews, New Nicoleville, MI 98993",106-231-8706x499,Analyst,13935917,2022-08-16,Finance,Menikah,rodriguezjessica@hotmail.com,Persevering global superstructure
EMP0154,Donna Clark,32,"USNV Henry, FPO AE 85319",238-058-4114x30616,Consultant,14233848,2022-08-22,Finance,Lajang,johnschristine@gmail.com,Horizontal zero administration benchmark
EMP0155,Mr. Justin Davis,43,"929 Grimes Trail, Stephenberg, CT 44690",001-076-417-0927,Coordinator,4384734,2019-12-10,Sales,Cerai,kevinhernandez@taylor.org,Cross-group directional ability
EMP0156,Steven Weaver,57,"666 Tamara Keys Suite 654, Rodriguezhaven, DE 66678",(511)893-6953x338,Technician,15692363,2024-10-06,Finance,Menikah,gmorris@sutton-chandler.com,Ergonomic next generation adapter
EMP0157,Carlos Scott,31,"5625 Beltran Trafficway, Carpenterhaven, PA 46646",+1-195-683-9259x4239,Technician,9869159,2023-05-06,Finance,Menikah,iolsen@hotmail.com,Mandatory zero tolerance challenge
EMP0158,Jennifer Brown,35,"71059 Strickland Valley, Leestad, NE 64007",+1-766-493-1145,Assistant,19261036,2015-04-09,Logistics,Menikah,taylordonna@hotmail.com,Streamlined dedicated methodology
EMP0159,Mr. Robert Adams Jr.,39,"71206 Melissa Mills Apt. 977, Danielsfort, GA 75209",775-550-8446,Consultant,4686926,2021-11-30,IT,Menikah,careycarol@bryant-soto.info,Adaptive fresh-thinking functionalities
EMP0160,Catherine Moon,30,"39436 Dominique Heights Apt. 762, North Matthew, MT 52585",+1-052-112-7669x08735,Consultant,7629467,2021-06-30,Sales,Menikah,orandall@thompson.com,Extended stable firmware
EMP0161,Anne Castillo,32,"674 Justin Cove Suite 937, Markton, MA 26232",(605)387-6045,Technician,8787820,2016-12-02,Finance,Cerai,michealwilliams@yahoo.com,Managed systematic archive
EMP0162,Walter Campbell,43,"54438 Tamara Road Apt. 616, New Justin, ID 54844",489.521.8339,Assistant,6861635,2018-01-16,HR,Menikah,mmeyer@gmail.com,Ergonomic optimal array
EMP0163,Jonathan Taylor,34,"588 Justin Park, Nunezville, AZ 50639",344-045-3144x9430,Assistant,10635962,2015-03-04,HR,Lajang,ronaldsherman@yahoo.com,Re-engineered asymmetric project
EMP0164,Kristen Meyer,32,"00807 Donna Cliff Apt. 746, Pattonmouth, VA 95593",001-024-808-6320x13767,Analyst,12619415,2015-03-12,HR,Cerai,gregoryhardy@hotmail.com,Operative systemic service-desk
EMP0165,Amber Ramirez,57,"1742 Paula Islands, New Paulland, VT 81587",135.511.8482x49245,Consultant,18311173,2015-09-28,Operations,Lajang,karen60@hotmail.com,Multi-lateral 3rdgeneration migration
EMP0166,Monique Carlson,38,"1309 Patrick Overpass, Matthewstown, WY 93570",1751378237,Assistant,9287551,2018-04-17,Operations,Menikah,priceebony@gmail.com,Business-focused impactful application
EMP0167,Charles Ellis,25,"052 Henderson Shore Apt. 944, South Tyroneberg, PA 58417",(508)761-8806x4925,Assistant,7998768,2017-05-06,IT,Cerai,claytonjamie@massey-smith.com,Implemented 4thgeneration definition
EMP0168,Arthur Bonilla,26,"1461 Jonathan Mountain, East Lisaview, WV 68735",+1-731-510-5808x0655,Consultant,5560568,2024-05-03,HR,Cerai,markkelley@hotmail.com,Synchronized grid-enabled array
EMP0169,Colin Smith,58,"872 Bishop Lake Apt. 109, Clintonborough, GA 75569",846.840.8239,Technician,7872181,2017-09-12,IT,Cerai,loganfrances@hotmail.com,Optional heuristic open system
EMP0170,Gary Myers,41,"74793 Robert Forges Apt. 314, North Kristinechester, NH 74389",346.603.1908x78075,Analyst,19583518,2021-11-20,Logistics,Menikah,awilliams@gmail.com,Re-engineered bottom-line Graphic Interface
EMP0171,William Watkins,27,"3355 Smith Ridges Suite 673, Lake Jeremy, VA 76007",432.554.3472,Consultant,4939236,2024-05-30,Marketing,Menikah,amandaolson@hotmail.com,Balanced mobile architecture
EMP0172,Melinda Holden DDS,60,"Unit 7349 Box 9341, DPO AA 05495",365.034.0259x99386,Analyst,7164642,2015-10-01,Operations,Cerai,melissa01@hotmail.com,Multi-channeled contextually-based framework
EMP0173,Mr. Austin Werner,34,"59716 Boyer Mall, North Taylor, WI 20112",+1-396-675-2605,Manager,12335480,2020-02-23,Logistics,Cerai,lori92@yahoo.com,Multi-lateral multimedia definition
EMP0174,Latasha Francis,51,"1463 Lisa Plain, East Barbarashire, TX 34102",4555917607,Executive,12048267,2017-08-31,IT,Cerai,lcarson@roberts.com,Pre-emptive transitional monitoring
EMP0175,Tyler Cochran,45,"492 Hawkins Divide, Kyletown, OK 79500",+1-069-766-1954x8943,Analyst,16249648,2018-01-08,Finance,Cerai,debbieallen@gmail.com,Networked bi-directional capability
EMP0176,Joseph Owens,30,"PSC 4317, Box 6335, APO AP 92859",673-201-5950,Technician,11672314,2017-02-08,Operations,Menikah,aanderson@gmail.com,Realigned mobile complexity
EMP0177,Linda Crawford,60,"48285 Shelley Mission Apt. 752, Port Jimmytown, NJ 87004",(037)056-1276x878,Technician,12458982,2016-08-09,Logistics,Lajang,kellyelizabeth@hotmail.com,De-engineered impactful product
EMP0178,Nicholas Jones,48,"665 Silva Rapid Suite 259, New Isaac, IN 42646",001-796-376-1217x087,Manager,3149956,2018-04-01,Marketing,Lajang,fischerjames@hotmail.com,Reduced zero-defect functionalities
EMP0179,Julie Warren,23,"323 Krystal Meadows, Washingtonborough, MN 32322",(786)288-1594,Consultant,9780125,2020-08-03,Marketing,Menikah,hreynolds@yahoo.com,User-friendly optimal firmware
EMP0180,Lisa King,33,"591 Nicole River Apt. 419, New Jamieside, NE 76919",882.743.1008,Consultant,11559046,2023-12-30,IT,Cerai,christopher74@yahoo.com,Synchronized logistical methodology
EMP0181,Stephanie Rush,55,"PSC 3049, Box 0983, APO AA 83851",(386)866-8648,Assistant,10643610,2016-07-27,Marketing,Lajang,emilysmith@gmail.com,Universal systemic secured line
EMP0182,Pamela Hansen,57,"99522 Paula Common, Waterstown, NY 68340",(080)061-8860,Executive,7646793,2018-02-12,Sales,Cerai,williamsmelissa@gmail.com,Expanded didactic budgetary management
EMP0183,Anthony Rodriguez,41,"525 John Crossing, Lake Jenniferview, LA 44028",001-206-292-4804x6316,Analyst,3872827,2023-03-22,Marketing,Menikah,floresmark@gmail.com,Quality-focused cohesive matrix
EMP0184,Lisa Rivera,39,"1302 Sanders Spring, West Christina, MN 80578",001-252-001-8848x1432,Technician,12479040,2017-07-06,IT,Menikah,tpeterson@smith-dalton.net,Extended solution-oriented workforce
EMP0185,James Hamilton,27,"885 Lewis Fort Apt. 818, North Philipport, ME 03445",936.057.2786,Executive,10650497,2016-03-25,Sales,Cerai,morgangregory@santiago.com,Managed object-oriented workforce
EMP0186,Dana Barker,48,"2566 Amanda Road Apt. 619, Davisland, WI 71372",(842)701-6686,Assistant,7552472,2020-12-02,Sales,Cerai,ldaniels@francis-hensley.com,Future-proofed web-enabled time-frame
EMP0187,Joshua Pollard,54,"2564 Medina Place, Lake Julie, VT 65234",001-354-755-3962,Technician,11623296,2020-10-05,Operations,Lajang,reedmaria@gmail.com,Vision-oriented bandwidth-monitored encoding
EMP0188,Laura Mckenzie,22,"44463 Nash Squares Apt. 426, Lake Steven, AL 30077",026.224.7043x752,Assistant,6483703,2022-06-01,Logistics,Lajang,seanbyrd@reynolds-duncan.org,Polarized clear-thinking implementation
EMP0189,Pamela Jones,49,"59623 Weaver Course, New Scott, SC 35944",530.913.5533x534,Executive,4231181,2024-10-25,Marketing,Menikah,warrenmichael@cooper.com,Enhanced bottom-line matrices
EMP0190,Anthony Holt,47,"45169 Mejia Circles Apt. 712, Clarkburgh, SC 59048",382-024-8372x136,Coordinator,7311378,2017-06-30,Logistics,Lajang,xhampton@gonzalez-wright.com,Profound asynchronous framework
EMP0191,Joshua Thompson,37,"226 Laura Valleys Apt. 947, South Julie, WV 62354",828-177-7888x670,Consultant,18802462,2024-09-14,Marketing,Lajang,karen58@yahoo.com,Triple-buffered mobile structure
EMP0192,James Garcia,56,"9422 Mckenzie Trail, West Jackson, MT 35519",4852406922,Analyst,10281698,2014-12-21,IT,Lajang,donald72@gmail.com,Multi-lateral value-added initiative
EMP0193,Frank Parks,25,"9871 Morris Course, Millerhaven, AK 96880",001-673-424-2085,Consultant,19121794,2021-10-13,Sales,Cerai,torresjack@molina.com,Integrated 4thgeneration product
EMP0194,Joy Ferguson,50,"Unit 0339 Box 2437, DPO AE 85018",(052)956-1883x138,Analyst,6573228,2023-10-01,Operations,Cerai,zwilson@anthony.org,Profound multi-tasking initiative
EMP0195,John Dillon,32,"534 Nicolas Summit Apt. 488, Perezview, WI 72844",204-455-6099,Consultant,9078878,2016-01-21,Finance,Menikah,victoria27@erickson.org,Customizable fresh-thinking access
EMP0196,Gary Stewart,55,"USNS Reilly, FPO AE 69208",(574)614-1816x01686,Coordinator,11132181,2021-07-01,IT,Cerai,charlestaylor@morrow-allen.com,Visionary full-range website
EMP0197,Melanie Foster,23,"Unit 2494 Box 8069, DPO AE 12960",5755401975,Analyst,14224244,2017-02-12,Operations,Cerai,logancross@ward.com,Cloned multi-tasking support
EMP0198,Makayla Bishop,60,"785 Daniel Shoal, Wilsonburgh, MA 55066",004-824-0895x160,Executive,14093394,2023-05-05,Logistics,Cerai,qdudley@yahoo.com,Monitored executive capacity
EMP0199,Shannon Fernandez,58,"512 Nathan Plaza, Gomezside, NE 05485",001-267-180-1996x140,Executive,16373448,2019-02-13,HR,Cerai,knightlaurie@hancock.org,Integrated global knowledge user
EMP0200,Ray Acosta,23,"720 Michael Ports, North Eric, AR 45781",+1-065-245-0220,Technician,7707938,2016-08-31,Operations,Menikah,uphillips@ritter.net,Fully-configurable next generation encoding
EMP0201,William Parker,35,"94257 Austin Curve Suite 677, South Amyhaven, AZ 85769",855-215-9560,Technician,17941901,2021-12-05,Logistics,Cerai,mdiaz@stevenson-mcdonald.com,Innovative regional circuit
EMP0202,Pamela Valencia,57,"93101 Snyder Circle, Brooksbury, ME 93414",+1-957-419-3550,Consultant,12990631,2017-06-18,IT,Menikah,denise85@carey.org,Digitized secondary database
EMP0203,Tara Burnett,58,"0157 Morgan Walks, Lake Kelly, AZ 50413",780.183.8944x64634,Manager,3014759,2023-08-04,Finance,Menikah,christopher76@yahoo.com,Re-contextualized asynchronous Graphical User Interface
EMP0204,Cristian Adams,55,"784 David Gardens, Lake Janice, AK 25442",+1-189-328-4587x150,Executive,10515201,2021-07-14,HR,Cerai,elizabethhaynes@hall.net,Visionary interactive challenge
EMP0205,Mr. Michael Flores,30,"Unit 1274 Box 5747, DPO AA 44407",+1-494-194-4982x32608,Consultant,16565768,2020-07-25,IT,Cerai,jasmine47@yahoo.com,Horizontal multi-tasking productivity
EMP0206,Micheal Chaney,30,"98678 Boyle Lock Suite 606, Ericmouth, HI 55497",022.491.3642x99153,Analyst,18834299,2022-01-28,IT,Lajang,aliciaharris@yahoo.com,Mandatory contextually-based data-warehouse
EMP0207,Chad Brown,48,"51185 Guerra Lodge Suite 786, Edwardfurt, MI 82067",+1-279-646-3324x09964,Executive,12978932,2023-12-23,Finance,Menikah,lauren90@yahoo.com,Diverse zero administration array
EMP0208,Mark Adams,56,"08285 Amanda Flat Apt. 980, North Christopherchester, OH 88318",+1-999-137-2004x519,Consultant,11626220,2018-10-08,IT,Cerai,christopher30@gmail.com,Open-architected real-time system engine
EMP0209,Alexander Hutchinson,54,"8875 Carlson Ridge, Ortizstad, IA 86616",222.993.0861,Coordinator,13836281,2023-10-04,IT,Menikah,schmidtmichael@gmail.com,Optimized high-level paradigm
EMP0210,Joseph Rodriguez,24,"4452 Smith Way, East Heidifurt, ME 68639",(852)579-2990,Technician,12476382,2023-07-24,Logistics,Cerai,vmontgomery@yahoo.com,Polarized system-worthy leverage
EMP0211,Linda Jackson,49,"0668 Higgins Keys, East Derekview, NC 24386",381-286-0910x6262,Assistant,19193457,2019-12-31,Operations,Menikah,april54@schaefer.com,Up-sized zero administration throughput
EMP0212,Robert Morris,51,"18166 Ryan Ranch Suite 252, West Sarah, UT 95609",3225519478,Analyst,16932518,2024-10-20,IT,Cerai,gmaldonado@carroll.com,Universal fresh-thinking budgetary management
EMP0213,Kevin Johnson,46,"396 Kaitlin Trace Suite 068, West Zachary, NJ 28932",(715)325-1913x6572,Executive,17944049,2024-04-18,Operations,Cerai,gregory81@hartman.com,Secured real-time customer loyalty
EMP0214,Gary Hall,58,"PSC 7407, Box 3839, APO AP 93863",633-309-2734x167,Assistant,3485770,2020-07-07,Logistics,Menikah,ryanmonroe@hotmail.com,Cross-group 3rdgeneration software
EMP0215,Crystal Richards,31,"116 White Track Apt. 794, Meganfort, WI 56907",254.953.2964x6215,Coordinator,8143002,2021-03-21,Operations,Menikah,nchristian@gmail.com,Organized uniform matrices
EMP0216,Kathleen Benson,39,"774 Robert Corners Apt. 524, North Adammouth, MN 15787",574.529.1057,Assistant,4710193,2024-08-15,Sales,Cerai,upeterson@hotmail.com,Streamlined demand-driven portal
EMP0217,Thomas Mullen,38,"174 Dorsey Courts Apt. 286, Lake Ashley, IA 15631",001-861-239-9829x721,Executive,16209475,2020-09-02,IT,Lajang,lclark@alexander.com,Persistent explicit artificial intelligence
EMP0218,Deborah Golden,25,"Unit 3200 Box 4610, DPO AP 92994",+1-688-345-5423x6470,Manager,15955253,2017-05-22,Logistics,Lajang,nhill@lee-mullins.info,Extended coherent model
EMP0219,Sandra Flores,34,"749 Laura Dam, West Teresahaven, AL 61653",+1-994-597-0942x8214,Coordinator,7506401,2019-01-07,IT,Menikah,mariaalexander@yahoo.com,Realigned modular firmware
EMP0220,Mr. Donald Weiss,52,"61531 Smith Rue Apt. 300, Robertberg, AK 85027",+1-793-247-3800x882,Executive,6405524,2021-10-19,HR,Menikah,donaldgreen@davis.com,Triple-buffered non-volatile knowledgebase
EMP0221,Tonya Holden,28,"528 Hunter Fort Suite 319, Gordonfurt, MO 23610",+1-507-086-2794x7680,Technician,16610134,2021-03-07,Operations,Lajang,brenda30@hotmail.com,Fundamental context-sensitive help-desk
EMP0222,Kyle Brown,37,"15664 Mosley Inlet Suite 264, Jeffreymouth, OR 53699",001-663-317-1606x5425,Analyst,12538005,2024-06-23,Logistics,Cerai,snixon@bond.com,Monitored scalable archive
EMP0223,Maxwell Moreno,25,"8336 Amber Divide, East Kathrynton, IA 77504",(403)584-9177x9281,Assistant,13354798,2021-09-09,Finance,Cerai,sherrilee@hotmail.com,Automated optimal instruction set
EMP0224,Jeffrey Wood,28,"8999 Mary Brook Suite 707, Avilaburgh, WY 79511",773.467.9712,Assistant,18868433,2017-12-02,Operations,Menikah,jacob41@williams-sims.com,Networked context-sensitive paradigm
EMP0225,Tiffany West,25,"955 Garcia Spurs, New Andrew, UT 58592",8884733483,Assistant,6220604,2017-08-21,Logistics,Menikah,christinehernandez@gmail.com,Triple-buffered systematic budgetary management
EMP0226,Daniel Cole,30,"147 Megan Drives Apt. 483, Lake Nancy, CA 43270",791-027-2282x92902,Manager,9774389,2016-09-19,Marketing,Cerai,jreed@yahoo.com,Ergonomic multimedia customer loyalty
EMP0227,Lonnie Harper,42,"2983 Maldonado Harbor Apt. 860, West Rebecca, SD 05383",146.882.5395,Coordinator,4007016,2022-08-20,Logistics,Cerai,lweaver@yahoo.com,Down-sized cohesive monitoring
EMP0228,William Ross,44,"7348 Wendy Forge, Torresfort, ME 58045",315.574.4012x6679,Assistant,11829346,2015-06-06,Sales,Lajang,ihorton@hotmail.com,Focused regional time-frame
EMP0229,Matthew Summers,38,"65151 Jeanette Crossroad Suite 199, Cohenmouth, DE 51851",642.544.1880x7043,Coordinator,17929532,2021-04-05,Logistics,Cerai,jennifer20@gmail.com,Virtual disintermediate product
EMP0230,Blake Tanner,54,"520 Salazar Roads, Meyershire, WV 35285",(411)847-2827x157,Analyst,13841542,2016-10-01,Sales,Cerai,patrickwest@armstrong.com,Monitored composite forecast
EMP0231,Jacob Ho,22,"96783 Townsend Pines Apt. 940, Port Marcus, GA 57619",416.075.6894,Consultant,12215402,2016-07-27,Finance,Lajang,ryangreen@rivera.com,Operative zero-defect workforce
EMP0232,Darlene Turner,49,"59308 Price Junctions, North Garrett, NV 22426",001-151-649-2495x848,Assistant,7629076,2016-01-08,Operations,Lajang,danielsheather@gmail.com,Fully-configurable object-oriented data-warehouse
EMP0233,Karen Johnson,47,"927 Carey Rapid, Lawrencemouth, TX 17296",171-096-0846x972,Analyst,16958131,2021-02-09,Operations,Menikah,ewalker@patterson.org,Integrated 24hour open architecture
EMP0234,Matthew Wright,41,"690 Patel Via Apt. 788, Hamiltonside, IA 02084",999-094-8820,Assistant,11999791,2021-05-26,IT,Cerai,towens@johnson-becker.biz,De-engineered local archive
EMP0235,Marissa Harris,24,"36133 Donna Grove, New Markmouth, NJ 51037",+1-147-635-3310x43163,Coordinator,14308876,2014-12-07,Operations,Menikah,davidmcbride@yahoo.com,Front-line 4thgeneration challenge
EMP0236,Stephanie Watson,22,"6124 Brenda Circle Apt. 756, Steventon, TN 13670",679.621.4964,Analyst,10323412,2019-05-19,Operations,Menikah,lawsontammy@mcconnell.com,Cross-group composite forecast
EMP0237,Adam Ward,40,"20038 Holly Bridge Apt. 977, Lake Ericchester, NV 84654",940-749-9364x427,Assistant,13920735,2016-01-26,Marketing,Lajang,davidparker@thomas.com,Proactive systematic utilization
EMP0238,William Sullivan,43,"66917 Wyatt Lights Suite 546, West Chad, AK 32077",(994)052-9739,Consultant,16343428,2016-08-20,Marketing,Cerai,joshuamcdonald@smith.org,Assimilated contextually-based success
EMP0239,Joseph Green,33,"405 Campos Roads Apt. 761, Port Christopher, MT 79610",(591)928-7235,Manager,13161658,2017-05-12,Operations,Lajang,annamyers@gmail.com,Adaptive intangible attitude
EMP0240,Taylor Gonzalez,33,"00854 Cassandra Park, Adamville, MN 92002",+1-686-510-1008,Assistant,18382041,2015-10-01,HR,Lajang,elizabeth70@perez-rasmussen.org,Decentralized uniform application
EMP0241,Timothy Jones MD,38,"59095 Rhonda Ridges Suite 852, West Kyle, AR 21168",001-100-496-1819x9543,Coordinator,7767611,2023-02-11,HR,Cerai,spope@hernandez-dixon.com,Progressive hybrid artificial intelligence
EMP0242,Jesse King,30,"97398 Hull Path Apt. 052, Port Jamestown, NM 66843",292-248-2549x02202,Coordinator,14600948,2019-02-22,Logistics,Lajang,russellwelch@lewis-pollard.com,Vision-oriented multi-state superstructure
EMP0243,Anna Hanson,48,"312 Wilson Trafficway Apt. 786, Lorifort, MS 49573",284.568.7043x52931,Assistant,8174577,2016-12-25,Sales,Cerai,brandon83@robbins.biz,Automated logistical frame
EMP0244,Jodi Tyler,28,"074 Foster Ports Suite 200, Ritastad, WA 29418",001-588-204-5670,Manager,16047042,2019-10-25,Operations,Cerai,mistyhardin@nelson.com,Fully-configurable fresh-thinking analyzer
EMP0245,Courtney Wallace,32,"935 Katherine View Suite 744, Lewisbury, GA 87858",046-262-2565,Assistant,18431433,2020-10-15,Marketing,Cerai,briancook@gmail.com,Reactive 4thgeneration matrices
EMP0246,Nicholas Anderson,45,"69963 Wall Island Suite 541, Ramseyfurt, WY 62536",775-356-4943x578,Coordinator,6482337,2016-10-06,Marketing,Cerai,sellerschristopher@delgado.com,Enterprise-wide zero-defect forecast
EMP0247,Tammy Boyd,31,"Unit 5544 Box 3567, DPO AA 23634",6852125694,Analyst,15159386,2017-07-16,Operations,Lajang,jonesdaniel@bryant-douglas.org,Extended solution-oriented concept
EMP0248,Joshua Alvarez,46,"081 Erica Garden Suite 932, Stevenmouth, KY 64682",013-173-8407x499,Analyst,14487751,2018-09-30,Operations,Lajang,collinsjacob@hotmail.com,Upgradable background encryption
EMP0249,Briana Duncan,35,"368 Henderson Terrace Apt. 060, Gardnertown, GA 58780",(856)521-1897x42542,Consultant,17456492,2018-02-25,Sales,Menikah,john63@harris.com,Integrated impactful frame
EMP0250,Rebecca Ward,22,"9913 Moore Street Apt. 316, Franktown, MN 03282",930.624.3902x9335,Consultant,4998428,2020-09-27,Sales,Menikah,wthomas@hotmail.com,Customizable system-worthy synergy
EMP0251,Danielle Jackson,48,"96322 Amber Glens Apt. 451, East Christineberg, AR 71266",001-814-243-7518x713,Consultant,19603392,2021-10-09,IT,Lajang,catherinejimenez@arnold-cooper.com,Multi-layered zero tolerance adapter
EMP0252,Kristin Mcgee,46,"20085 Reynolds Loaf, West Jessica, IN 47314",953.335.5860x489,Executive,3645179,2022-09-14,Operations,Cerai,ygibson@norman.biz,Cross-group hybrid system engine
EMP0253,Dawn Ball,44,"266 Nguyen Harbor Suite 839, Johnsonport, FL 74742",001-777-624-2035x66596,Assistant,5965629,2022-07-26,Operations,Lajang,andersonkeith@oconnor.org,User-friendly next generation help-desk
EMP0254,David Myers,55,"USNS Silva, FPO AE 11889",+1-131-235-2700x954,Consultant,4155882,2016-01-07,Marketing,Lajang,garrisonricky@hotmail.com,Synergistic stable capacity
EMP0255,Nathan Martinez DVM,53,"264 Martinez Crest Apt. 783, Melissaburgh, NJ 33739",001-591-844-7855,Analyst,11962474,2024-02-08,HR,Menikah,theresa54@yahoo.com,Networked context-sensitive throughput
EMP0256,Michael Parker,35,"960 Brown Shores, Port Scott, NM 54211",168.466.6591,Executive,18885965,2022-03-02,Marketing,Cerai,tonymendoza@yahoo.com,Right-sized homogeneous projection
EMP0257,Andre Rivera,50,"77975 Hernandez Lodge Suite 515, Port Josephburgh, NC 56774",874-735-6854x5457,Coordinator,6939661,2021-07-01,Logistics,Lajang,ymcpherson@yahoo.com,Profound incremental strategy
EMP0258,Sandra Robinson,60,"71336 Sarah Ramp, Kleinview, AL 22897",769.689.1759,Analyst,8350753,2021-02-13,Sales,Menikah,bromero@gutierrez-everett.info,Programmable fault-tolerant superstructure
EMP0259,William Wright,37,"2911 Stephanie Junctions Apt. 031, New Cynthiaborough, AL 42681",215.288.5670x99141,Analyst,10250106,2024-03-06,Marketing,Lajang,williamsstephen@hotmail.com,Advanced object-oriented emulation
EMP0260,Matthew Lawrence,27,"08850 Andrew Courts, Carlport, GA 63775",039-368-0481,Technician,5652573,2019-10-15,Operations,Cerai,cynthiabrown@gmail.com,Fully-configurable scalable adapter
EMP0261,Michaela Frey,51,"012 Brian Hollow Suite 041, Nathanborough, VA 46102",+1-110-838-8416x3961,Coordinator,13576021,2021-12-19,Logistics,Cerai,hphelps@yahoo.com,Profound human-resource capacity
EMP0262,John Fowler,52,"580 Evans Junction, Gallowayside, NJ 00919",+1-702-544-1312x76203,Analyst,8832905,2017-09-25,Operations,Cerai,owilkins@gmail.com,Visionary human-resource approach
EMP0263,Timothy Wilcox,32,"471 Lauren Circles, Brianmouth, TN 20997",478-316-2727,Assistant,13903638,2017-12-08,Sales,Lajang,hatfieldjacob@hotmail.com,Open-architected client-driven secured line
EMP0264,Ashley Johnson,44,"33757 Emily Burgs, Marissaberg, AL 73045",741.974.4434x684,Consultant,14236336,2018-01-20,IT,Menikah,jimmygaines@yahoo.com,Business-focused asymmetric matrices
EMP0265,William Hartman,45,"PSC 1260, Box 6258, APO AP 59981",+1-243-490-4247x29752,Technician,14788203,2015-12-01,Finance,Lajang,acasey@stewart.org,Customer-focused didactic Internet solution
EMP0266,Karen Dunn,48,"386 Fox Mission, Lewisland, ND 90621",615-716-7955x11995,Assistant,19181143,2022-12-25,Marketing,Cerai,thomaskristen@macias.com,Triple-buffered multi-tasking attitude
EMP0267,Anna Black,60,"Unit 8591 Box 5935, DPO AA 42743",+1-860-693-0105x45504,Analyst,9607713,2022-07-01,IT,Lajang,kennethstewart@garcia.com,Switchable global middleware
EMP0268,Kristin Collins,57,"USCGC Pacheco, FPO AE 86253",140-024-3312x3293,Assistant,7205870,2016-04-28,Marketing,Menikah,denisequinn@jones-sandoval.biz,Profound high-level circuit
EMP0269,Cynthia Hampton,42,"986 Fernandez Flats Suite 122, Mossfort, ND 67920",990.226.1266,Coordinator,10061259,2018-08-16,Marketing,Menikah,gnorris@bowers.biz,Public-key local artificial intelligence
EMP0270,Heather Rowe,26,"8713 Doyle Wall, East Sandraburgh, NY 54526",465-040-8561x024,Consultant,10796146,2023-07-19,Finance,Cerai,fburns@dean.com,Cross-group web-enabled Graphic Interface
EMP0271,Jacob Porter,39,"2617 Nichols Road, New David, OR 01952",+1-855-591-3836x051,Executive,7236025,2018-03-02,Sales,Lajang,ijohnson@hotmail.com,Customer-focused analyzing process improvement
EMP0272,Lisa Smith,30,"94506 Murphy Inlet Apt. 035, Greenland, MD 13023",+1-920-734-2654x94925,Consultant,17008810,2015-03-30,Marketing,Cerai,williamsdavid@gmail.com,Expanded object-oriented neural-net
EMP0273,Katie Swanson,43,"026 Denise Bypass Apt. 545, Port Toddmouth, PA 41420",+1-823-057-3336x52589,Assistant,9191934,2019-04-24,Marketing,Menikah,newtonthomas@gmail.com,Open-source empowering emulation
EMP0274,Jennifer Ruiz,60,"387 Carlson Haven Suite 742, Barrettmouth, CT 43560",496.675.9303x7341,Assistant,11336700,2022-11-22,Finance,Menikah,james83@hotmail.com,Reverse-engineered 24hour software
EMP0275,Gabrielle Mcgee,42,"807 Christine Forge, North Anne, UT 38239",293-631-0951x227,Executive,18767927,2022-10-14,IT,Cerai,eatondaniel@gmail.com,Multi-layered client-server frame
EMP0276,Tina Dean,30,"USNS Baird, FPO AP 74285",001-047-853-8075,Consultant,3550236,2016-11-04,Marketing,Lajang,choidennis@brady-carter.org,Grass-roots demand-driven knowledge user
EMP0277,Amanda Kemp,25,"110 Wilson Springs Suite 950, North Jacob, NV 74790",906.371.6962,Assistant,9260975,2015-07-23,Marketing,Lajang,kathleenramos@gmail.com,Monitored multi-state project
EMP0278,Christopher Castaneda,23,"6046 Fernandez Pike Suite 393, Sandersborough, OR 47560",(634)227-4260x4042,Technician,7886710,2022-02-26,Marketing,Cerai,priscilla54@taylor.com,Versatile background frame
EMP0279,Stephen Dennis,28,"44285 Ashley Valley Apt. 359, Debraview, KY 77271",6559791043,Technician,3359576,2018-04-28,Marketing,Cerai,brian37@gmail.com,Reduced interactive application
EMP0280,Jasmine Martinez,27,"340 Obrien Village Suite 574, Corychester, PA 76394",(760)290-6029,Executive,5208011,2015-10-25,HR,Menikah,shawjacob@kelly.net,Assimilated reciprocal initiative
EMP0281,Douglas Hawkins,41,"Unit 3666 Box 1160, DPO AA 41267",+1-402-306-2177x6338,Coordinator,14837673,2018-12-27,Sales,Lajang,katherineellison@thomas.net,De-engineered explicit hierarchy
EMP0282,Matthew Olson,47,"3049 Eric Tunnel Suite 255, Wendybury, NC 24412",272-673-7949x3601,Analyst,4612115,2021-03-04,HR,Menikah,tracy64@hotmail.com,Robust systemic Graphical User Interface
EMP0283,Jennifer Gill,30,"28666 Garcia Villages, Diazstad, WY 55662",+1-001-751-2780x065,Executive,18226465,2019-04-07,Marketing,Lajang,ariel77@yahoo.com,Fundamental logistical synergy
EMP0284,Julie Kemp,35,"0742 Ramos Courts, Maryville, PA 09196",001-579-153-8945x059,Executive,12245438,2023-08-14,Finance,Menikah,shunter@gmail.com,Decentralized systematic matrix
EMP0285,Alexandra Cobb,47,"115 Anderson Cliff, New Christopherview, DC 55540",5372423078,Analyst,12889080,2024-02-24,IT,Lajang,jburnett@gmail.com,Extended clear-thinking open architecture
EMP0286,Michael Oliver,28,"3663 Andrea Isle, East Denise, TX 21611",567-733-7984,Assistant,19852417,2019-03-31,IT,Cerai,smithstephanie@gmail.com,Multi-layered 3rdgeneration projection
EMP0287,Neil Johnson,56,"464 Skinner Stream Suite 421, Lindseybury, VA 86085",129-163-5257x028,Coordinator,3010542,2021-11-16,Logistics,Lajang,lindadominguez@yahoo.com,Mandatory dedicated standardization
EMP0288,Laura Gomez,30,"346 Pham Ranch Apt. 920, East Kimberly, OK 83126",154.427.5669x1472,Assistant,16047115,2018-09-21,Marketing,Cerai,lanemeghan@payne.biz,Realigned mission-critical product
EMP0289,Stephanie Black,36,"543 Kyle Meadow Apt. 709, Lake Stevenmouth, MO 78239",(288)792-9821x16354,Executive,19058243,2017-09-13,Sales,Menikah,daniel49@williams-watts.biz,Customer-focused zero-defect focus group
EMP0290,Anna Williams,57,"131 Arnold Walks Apt. 808, East James, FL 68025",001-014-713-1523,Manager,9599375,2023-11-16,Operations,Cerai,alexander04@hotmail.com,Optimized tertiary project
EMP0291,Scott Mueller,36,"020 Melissa Vista Suite 075, North Alyssa, AZ 81902",700.504.9441x9847,Consultant,11724024,2024-06-01,IT,Lajang,carmen79@gmail.com,Multi-channeled stable synergy
EMP0292,Shelby Maxwell,46,"5152 Edward Spurs Apt. 260, West Evan, WI 34257",953.865.1547x209,Assistant,4715337,2017-08-02,Finance,Lajang,hmartinez@johnson.com,Compatible fault-tolerant projection
EMP0293,Christopher Hernandez,38,"899 Lucas Grove, New Eric, AL 15413",335.255.0445,Analyst,6815875,2016-05-30,Sales,Lajang,charles87@yahoo.com,Progressive methodical paradigm
EMP0294,Mary Martin,58,"378 Jill Road, Adriennechester, NM 71508",+1-802-254-3852x49102,Executive,3778904,2022-02-21,Finance,Cerai,alex62@kim-fisher.info,Reactive content-based productivity
EMP0295,Erica Brown,43,"8951 Gutierrez Mall Suite 885, Amberview, MO 74438",456.191.3916x62915,Executive,13567436,2023-11-28,Operations,Lajang,lsilva@morgan-callahan.com,Reactive client-server encryption
EMP0296,Jennifer Hansen,55,"210 Robert Shoal Apt. 061, Samanthaberg, IN 06317",644.127.5772,Manager,16634219,2020-12-04,Logistics,Menikah,william15@hernandez-stokes.com,Cross-group human-resource success
EMP0297,Lori Henry,24,"65887 Steven Forge Apt. 373, Dustintown, MS 10784",(793)380-7434x25261,Assistant,13376639,2018-01-07,Finance,Cerai,oguzman@yahoo.com,Fundamental interactive frame
EMP0298,Samantha Gonzalez,23,"985 Jones Brooks Suite 457, Jacksonfort, OH 43137",599-885-7602x53025,Assistant,16153890,2017-02-03,Operations,Cerai,daniel34@kennedy.info,Front-line responsive conglomeration
EMP0299,Maria Hudson,53,"USNS Simmons, FPO AE 81214",(099)753-6073x85312,Manager,5900971,2023-01-17,Operations,Cerai,andrea44@yahoo.com,Configurable analyzing middleware
EMP0300,Vincent Davis,42,"97687 Lauren Points Apt. 713, Andreview, CT 79906",+1-096-315-7557x259,Assistant,8735267,2020-04-10,Finance,Menikah,vsmith@yahoo.com,Customer-focused directional frame
EMP0301,Tim Jennings,27,"2644 Murphy Meadows Apt. 532, Carolynberg, WV 08615",795.977.0628x59374,Consultant,11136052,2020-08-16,HR,Cerai,ccruz@mcdonald.net,Down-sized radical Local Area Network
EMP0302,Peter Adams,60,"35396 Daniel Ways, Margaretborough, WY 63830",001-691-052-7461x28094,Assistant,12800736,2022-09-07,Marketing,Cerai,qpitts@phillips-vega.com,Digitized leadingedge monitoring
EMP0303,Karl Wiley,49,"081 Wall Greens, Lake Richardfort, AR 04139",972-865-0125x871,Coordinator,5925601,2015-07-14,Logistics,Cerai,newmanalicia@gmail.com,De-engineered encompassing website
EMP0304,Kelsey Martin,30,"75869 Suzanne Rue Apt. 613, New Marcport, IL 33982",(886)516-0214x0980,Coordinator,19297602,2015-05-17,Marketing,Cerai,sirwin@dickerson.com,Managed non-volatile interface
EMP0305,Heather Oliver,38,"5565 Carter Unions Suite 048, Quinnborough, IL 16289",001-383-807-7794x3039,Analyst,5970541,2021-02-06,Finance,Cerai,riverastephanie@gmail.com,Ameliorated needs-based website
EMP0306,Edward Leach,30,"8250 Kim Grove, Alexandertown, SC 09499",464-429-4919x0863,Manager,4535140,2019-11-30,Operations,Lajang,scottkimberly@yahoo.com,Future-proofed intermediate middleware
EMP0307,Nathaniel Bowen,42,"833 Atkins Glens Suite 044, New Karenbury, VT 23309",(606)952-1844,Coordinator,7400187,2020-01-08,Sales,Menikah,patrick11@hotmail.com,Multi-layered tangible neural-net
EMP0308,Megan Walker,39,"58216 Duncan Mountains, Ginaborough, ME 09652",(809)614-6061x115,Manager,18630810,2016-01-18,Operations,Menikah,pamela32@patel.com,Enhanced zero-defect budgetary management
EMP0309,Jordan Dennis,52,"525 Dakota Haven Apt. 071, South Michael, DE 52002",(134)659-1816,Analyst,3796817,2021-11-11,Marketing,Cerai,belliott@vasquez-moore.net,Exclusive analyzing data-warehouse
EMP0310,Sarah Simmons,41,"5641 Bethany Inlet, Ericafort, RI 57493",001-725-964-5138x523,Manager,19045593,2022-04-28,Sales,Lajang,brightgail@juarez-robertson.com,Streamlined encompassing paradigm
EMP0311,Nicholas Kelly,44,"64010 Jeremy Lane, New Zacharyberg, WA 93098",+1-912-358-0253x8681,Executive,10299664,2017-09-26,HR,Lajang,vholmes@jones-parker.com,Extended composite task-force
EMP0312,Melvin Glover,37,"743 Elizabeth Stravenue, Lake James, AK 80164",+1-004-984-8322x3593,Assistant,13457354,2015-12-26,Logistics,Cerai,zdiaz@guzman-johnson.biz,Horizontal methodical functionalities
EMP0313,Daniel Smith,58,"USNS Rodriguez, FPO AP 61018",377-966-3559x74522,Coordinator,3799117,2022-01-08,Finance,Lajang,rachel93@yahoo.com,Digitized contextually-based middleware
EMP0314,David Leblanc,44,"714 Jasmine Gardens, West Mark, GA 15241",425-210-8973,Coordinator,14113507,2020-03-22,IT,Cerai,gibsonrobert@gmail.com,Multi-channeled even-keeled infrastructure
EMP0315,Luke Wells,27,"330 Jamie Landing Apt. 575, Port Michaelton, NJ 07238",570-667-2916x373,Manager,16270952,2015-06-15,Finance,Cerai,petersonjonathan@yahoo.com,Front-line human-resource knowledgebase
EMP0316,Lindsay Cain,46,"3101 Boyd Lights Apt. 827, North Melindaport, HI 43179",437.653.4271x43229,Consultant,17838323,2024-05-12,Operations,Menikah,ubooth@walters-morrison.com,Business-focused discrete array
EMP0317,Joseph Lawson,56,"43806 Elizabeth Freeway Apt. 990, Ramseymouth, WY 30167",021-390-1233x859,Executive,19844222,2024-04-05,HR,Menikah,tonya58@gmail.com,Mandatory explicit methodology
EMP0318,Jennifer Nichols,43,"9061 Walker Crossing Apt. 905, South Amyfurt, MD 54856",(729)125-0048x3057,Coordinator,15652423,2021-07-20,Logistics,Cerai,smithamanda@lester-owens.info,Stand-alone clear-thinking firmware
EMP0319,Eddie Barnett,46,"34796 Zachary Valleys, South Cathy, RI 06553",+1-954-613-2891x78968,Coordinator,19423291,2021-12-06,HR,Cerai,jamesmayer@ward-hinton.com,Up-sized actuating pricing structure
EMP0320,Shannon Gross,59,"719 Bowman Keys Suite 772, Hoton, IN 76578",201-697-4898x864,Coordinator,16580280,2023-02-09,Marketing,Cerai,danielalvarado@silva.info,Adaptive optimal help-desk
EMP0321,Scott Russo,43,"6532 Cooper Stravenue Apt. 503, North Jack, NH 80029",3337469931,Assistant,13468317,2021-12-01,IT,Cerai,edwin03@gmail.com,Reactive eco-centric utilization
EMP0322,Kenneth Hill,26,"0512 Michael Lane, Lake Antoniotown, CO 86110",738.475.0616,Executive,7600060,2015-09-02,HR,Cerai,oeverett@yahoo.com,Multi-layered 24hour product
EMP0323,Jacob Garcia,48,"42569 Rebecca Hill, West Jesseside, WV 95760",6879905003,Technician,4484681,2024-09-04,Logistics,Cerai,silvaashley@lowe.net,Up-sized transitional alliance
EMP0324,Jacob Nixon,29,"852 Thomas Passage, Wendyport, MA 53212",(977)739-6230,Coordinator,10555938,2017-08-10,IT,Lajang,lozanochristine@wilson-smith.com,Optional logistical encoding
EMP0325,James Torres,48,"822 Bennett Streets, Sethton, WA 22191",980.436.7016,Consultant,15211926,2023-03-30,Operations,Cerai,goodwinjohn@hotmail.com,Upgradable high-level data-warehouse
EMP0326,Sandra Williams,56,"518 Kimberly Ranch, Jensenview, PA 28236",(156)293-1949,Executive,17171892,2020-10-26,Operations,Cerai,jefferyrose@moss-hayes.org,Decentralized solution-oriented protocol
EMP0327,Timothy Anderson,51,"964 Daniels Square Suite 646, Davenporthaven, MS 79529",001-066-002-5076x0118,Manager,11703873,2022-06-17,HR,Cerai,catherinevaughn@hotmail.com,Organized secondary utilization
EMP0328,Amanda Murphy,34,"12887 Diana Ville, New Toddstad, TX 53285",7174666587,Coordinator,14687916,2018-02-14,Operations,Lajang,joneskimberly@yahoo.com,Customer-focused multimedia throughput
EMP0329,Tammy Patton,32,"9841 Riley Canyon Apt. 281, Davidberg, MA 12707",748.619.8265x38632,Consultant,13550571,2020-09-16,Finance,Lajang,fcox@hotmail.com,Open-source leadingedge application
EMP0330,Nathan Pearson,37,"02515 Wilson Wells, West Melissamouth, AK 12567",175.041.9816,Manager,9708926,2022-10-01,Operations,Cerai,william72@hotmail.com,Advanced 5thgeneration info-mediaries
EMP0331,Sherry Wagner,44,"14236 Kelley Streets Apt. 089, New Ashley, AR 86884",001-405-543-3069,Consultant,11039515,2015-01-20,Operations,Lajang,mflores@mccann.com,Multi-tiered global database
EMP0332,Lisa Hill,27,"0352 Mcguire Tunnel, Port Daniel, SC 52130",+1-427-207-6252x3657,Technician,10354942,2021-03-29,Logistics,Lajang,vrobinson@daniel.com,Assimilated zero administration challenge
EMP0333,Ms. Cindy Walker,32,"219 Hayes Coves Apt. 935, East Beckyland, MT 34387",001-824-014-9106x74809,Technician,12921506,2015-06-10,HR,Cerai,hillstephen@lee.net,Diverse transitional paradigm
EMP0334,Lauren Miles,25,"23155 Misty Canyon, North James, MS 37291",590.354.9312,Consultant,18807937,2020-08-07,Operations,Cerai,brownmary@gmail.com,Proactive contextually-based approach
EMP0335,Aaron Terry,42,"64586 Hall Corners, Juanmouth, AR 25121",404.138.6587,Analyst,8694226,2020-07-09,IT,Lajang,matthewfloyd@white.com,Innovative dedicated structure
EMP0336,Patrick Lewis,38,"5803 Aguirre Cliffs, Pierceton, WV 52071",(660)056-0763x16839,Coordinator,9321226,2014-12-24,IT,Lajang,swansonerik@jackson.biz,Cloned attitude-oriented functionalities
EMP0337,Diana Hale,58,"467 Gonzalez Shoal Apt. 601, Keithmouth, MD 97350",398.827.4380x800,Consultant,9354994,2024-10-25,Logistics,Menikah,brent98@pierce.com,Focused uniform model
EMP0338,Pamela Cox,37,"461 Angela Corner, New Christopher, HI 71388",104.654.0342x754,Coordinator,16834538,2021-07-31,IT,Cerai,joseph58@carter-maxwell.com,Polarized logistical migration
EMP0339,Daniel Ellis,47,"97124 Mckinney Point, Francesberg, DE 18754",(958)677-6012x085,Assistant,10570842,2016-07-19,Marketing,Lajang,connie41@gonzalez-romero.com,Automated multimedia productivity
EMP0340,Tiffany Randall,30,"22899 Miller Alley Apt. 074, Port Sergioton, HI 18254",388.034.8583x39307,Technician,4430866,2022-09-24,Sales,Cerai,williambooth@nguyen.com,Reverse-engineered logistical frame
EMP0341,Joseph Gutierrez,34,"USNV Rose, FPO AE 47874",950.180.3944x99960,Coordinator,12774991,2017-06-26,Sales,Lajang,kharrington@hotmail.com,De-engineered coherent open system
EMP0342,Bryan Woods,45,"05359 Sue Expressway, New Kennethhaven, LA 13723",(095)562-9694x1002,Analyst,9370639,2019-08-31,Logistics,Menikah,davistimothy@gmail.com,Optional modular application
EMP0343,Kathy Henry,35,"144 Zhang Vista Apt. 145, Bergerfurt, OR 37270",(257)369-4748x013,Executive,9141011,2015-08-06,Sales,Cerai,huynhbrian@yahoo.com,Advanced interactive architecture
EMP0344,Darryl Lee,52,"136 Jennifer Trail Apt. 170, Matthewview, NV 61970",610-246-6622x74318,Assistant,9543996,2022-05-19,IT,Menikah,aguirrecheryl@price.net,Focused encompassing synergy
EMP0345,Stacey Blevins,49,"890 Douglas Isle Apt. 133, North Amandaborough, OR 90251",495-524-1525,Coordinator,7278181,2019-01-10,Logistics,Lajang,johnstonkyle@gmail.com,Reduced grid-enabled paradigm
EMP0346,Joseph Cain,26,"5669 Baker Oval Apt. 328, New Richard, IA 48149",106-196-0992x363,Technician,8965116,2021-12-25,Logistics,Cerai,xsmith@watson.com,Reactive global capacity
EMP0347,Bobby Jacobson,50,"023 Griffin Islands, North Antonio, AZ 33962",(844)959-6728x77293,Consultant,17587865,2018-07-06,Finance,Cerai,drewstone@wheeler.biz,Multi-tiered full-range analyzer
EMP0348,Nathan Gardner,56,"31467 Joshua Loaf Apt. 847, Jacksonberg, FL 33599",018-787-6395x9188,Assistant,15696165,2020-10-12,Marketing,Cerai,david34@nguyen.com,Function-based solution-oriented strategy
EMP0349,Mr. Michael Thompson,36,"8347 Roberts Place Apt. 590, New Benjaminfort, NV 24768",781.820.3311,Coordinator,19852014,2023-10-01,HR,Cerai,paularichards@hotmail.com,Polarized impactful Internet solution
EMP0350,Jesse Dalton,57,"37341 Myers Forest, Joneshaven, DC 69886",127-883-4507x356,Coordinator,14521324,2020-01-30,Finance,Cerai,hughesjennifer@davis-miller.com,Decentralized dedicated encoding
EMP0351,Angela Rogers,39,"044 Wade Pine Suite 356, Lake Kevinmouth, RI 25055",530-037-7120x597,Assistant,3863076,2017-03-05,Sales,Menikah,xphillips@lee-merritt.com,Organic grid-enabled frame
EMP0352,Philip Barrett,40,"053 Luna Hollow, Emilyside, TN 61830",250-209-1839x912,Coordinator,13138799,2016-05-29,Finance,Lajang,ewilliams@yahoo.com,Expanded even-keeled attitude
EMP0353,Glenn Lee,60,"Unit 6304 Box 8237, DPO AP 18332",630.208.4834,Analyst,13907843,2022-10-12,Finance,Cerai,brownpatricia@yahoo.com,Persistent real-time interface
EMP0354,Joshua Morales,50,"9086 Mccarthy Valleys Suite 009, Mooreshire, NM 21726",+1-335-093-1163x439,Coordinator,12368105,2016-11-27,Marketing,Lajang,kimthompson@yahoo.com,Phased 6thgeneration framework
EMP0355,Jamie Bates,56,"PSC 3927, Box 5542, APO AE 43650",+1-688-512-1049x806,Executive,16618955,2016-09-28,Finance,Menikah,hancockjennifer@carroll.com,Business-focused impactful approach
EMP0356,Angela Griffin,35,"PSC 4595, Box 4972, APO AP 24159",702-533-8774x153,Analyst,14987237,2015-06-14,HR,Cerai,xbrown@hotmail.com,Proactive asynchronous utilization
EMP0357,Richard Brown,28,"USNS Thompson, FPO AE 31983",238-631-4205x037,Analyst,14392313,2017-10-16,Sales,Menikah,juliahooper@yahoo.com,Programmable 24/7 utilization
EMP0358,Timothy Wells,26,"1506 Denise Ways Apt. 213, New Charlottehaven, NC 34924",(588)683-9775x02960,Coordinator,18940070,2016-10-02,HR,Cerai,troybowers@miller.org,Sharable contextually-based challenge
EMP0359,Julie Harrison,38,"35142 Everett Meadow Apt. 251, Brandonside, NM 92802",662-675-8557,Coordinator,10771974,2020-07-08,HR,Cerai,joshua63@hotmail.com,Intuitive zero administration encoding
EMP0360,Victor Cervantes,33,"6735 Brad Viaduct Apt. 159, Crystalmouth, NY 00639",037.277.9985,Consultant,15106257,2022-05-09,HR,Lajang,smithscott@hotmail.com,Distributed even-keeled core
EMP0361,Zachary Jenkins DDS,34,"81133 Wallace Points Apt. 575, South Joseph, MN 93337",030.003.7920x282,Consultant,5462719,2016-04-18,HR,Lajang,carmen94@snyder.net,Object-based 6thgeneration Graphic Interface
EMP0362,Elizabeth Gilbert,27,"264 Pearson Parks Suite 579, Samanthaville, MN 08928",704.955.2078x90658,Executive,10365604,2023-04-04,Marketing,Lajang,danaking@yahoo.com,Enterprise-wide interactive Graphical User Interface
EMP0363,Alan Larsen,57,"933 Jennifer Crossing, North Gabriel, KY 23805",(798)208-3400x078,Technician,15079158,2022-03-18,Logistics,Menikah,hicksmark@sanchez-rowe.org,Intuitive context-sensitive database
EMP0364,Ethan Gay,35,"4299 Keith Vista Apt. 451, Lake Terryside, NC 51951",674.528.4409x733,Manager,11990249,2017-01-05,HR,Menikah,parkssuzanne@gmail.com,Networked solution-oriented core
EMP0365,Erica Richardson,51,"5071 William Lake Apt. 532, South Sara, DE 16553",001-176-199-3467x370,Coordinator,16097608,2020-04-03,IT,Lajang,tammy13@sloan.net,Front-line clear-thinking website
EMP0366,Robert Merritt,55,"0107 Jones Glens Suite 440, Josephburgh, SD 77236",710-832-0258x0258,Executive,3120147,2023-06-16,Finance,Cerai,dwaynestokes@gmail.com,Front-line intermediate initiative
EMP0367,Nancy Acevedo,36,"3693 Collins Light, New Steven, SD 98896",5465388475,Coordinator,9101774,2022-08-02,IT,Cerai,rgeorge@yahoo.com,Grass-roots homogeneous budgetary management
EMP0368,Mary Brown,55,"914 Heidi Haven Suite 688, Jermaineside, VA 19341",924.107.4836x27115,Technician,16472216,2024-10-29,Marketing,Cerai,melissabriggs@potts.com,Cross-group multi-tasking Internet solution
EMP0369,Allison Rivera,34,"057 Gentry Manors Apt. 214, East Rachel, TX 15144",+1-609-178-1101x25070,Consultant,3049960,2022-05-26,Operations,Menikah,rtaylor@hotmail.com,Up-sized demand-driven ability
EMP0370,Kimberly King,28,"8672 Casey Meadows, East Jeremiahbury, ME 03751",0717300049,Assistant,11302527,2024-01-11,HR,Lajang,karen34@payne.org,User-friendly non-volatile architecture
EMP0371,Justin Fowler,37,"84472 Melinda Glens Apt. 260, Rodriguezside, NC 30099",(839)121-5169,Executive,9242181,2023-01-23,IT,Cerai,abigail10@gmail.com,Focused non-volatile flexibility
EMP0372,Kevin Sharp,29,"2746 Mills Vista Suite 663, Taylorshire, TX 59766",(897)185-9601x3384,Consultant,18176880,2020-02-05,IT,Lajang,charlesturner@ellis.com,Function-based incremental challenge
EMP0373,Barbara Giles,57,"71049 John Trace, New Brittanymouth, CT 53803",(968)073-0216x58393,Analyst,3140024,2019-01-20,Operations,Lajang,williamsmorgan@ferguson-welch.com,Reverse-engineered reciprocal customer loyalty
EMP0374,Wesley Peters,39,"488 Danielle Plains, Port Karenchester, MD 05896",+1-049-546-1165x88301,Consultant,14697163,2024-05-08,Logistics,Menikah,nicholas29@fuller-ewing.info,Innovative didactic support
EMP0375,Nicole White,29,"548 Brittany Points, Sanderschester, VT 78093",(514)494-8155x06682,Executive,17925591,2021-05-04,HR,Lajang,yhicks@lopez.biz,Diverse national definition
EMP0376,Jason Miller,30,"438 Matthew Fields Suite 503, Jacquelineland, SD 24693",001-476-695-5273,Technician,18256029,2017-06-16,Logistics,Menikah,brendasanchez@hotmail.com,Profit-focused leadingedge service-desk
EMP0377,Ms. Kathy Thomas,58,"72531 Gomez Crescent, South Evanbury, SD 15776",987.077.6509,Assistant,5366669,2022-09-11,Operations,Menikah,rwatson@douglas.com,Horizontal scalable core
EMP0378,Cindy Ayers,49,"0353 Taylor Mills, Port Sarahchester, AR 63421",001-415-745-6235x406,Technician,15799477,2018-06-03,Operations,Lajang,walkercody@yahoo.com,Fully-configurable disintermediate process improvement
EMP0379,Andrea Morales,50,"091 Pamela Common, South Jacob, NE 31854",(720)842-8314,Executive,6425355,2024-11-04,Finance,Menikah,rosstravis@gmail.com,Operative static focus group
EMP0380,Rebecca Johnson,56,"29458 John Motorway Apt. 795, Johnsonport, KY 86112",(210)903-0622x438,Coordinator,15991054,2015-08-23,Logistics,Cerai,anthony50@jones-brown.com,Right-sized leadingedge moderator
EMP0381,Sarah Fitzgerald,25,"205 Mccarthy Trafficway, North Melissafort, VA 68349",(105)137-6223,Analyst,5322567,2023-10-01,Marketing,Lajang,nicolas23@gmail.com,Grass-roots intangible info-mediaries
EMP0382,Nicole Lee,35,"94123 Dylan Extensions Apt. 954, South Kimberly, HI 40213",(610)883-9813x4749,Coordinator,5720268,2022-06-26,HR,Menikah,collierkendra@alexander.com,Down-sized logistical application
EMP0383,Erica Kline,47,"3771 Jason Prairie Apt. 278, Mcmahonberg, MO 97732",(322)274-9242x2711,Consultant,7471005,2017-04-10,Sales,Cerai,tmartinez@hotmail.com,Reactive value-added emulation
EMP0384,Benjamin Maldonado,31,"2729 Walker Court Suite 039, Amberchester, OR 13211",(485)384-8216,Manager,11977250,2015-04-24,Sales,Cerai,smithchristopher@brown.com,Expanded static info-mediaries
EMP0385,Monica Jackson,43,"2008 Jason Canyon, Jamesstad, VT 62332",045-378-6249x99501,Manager,18696716,2015-09-27,Marketing,Lajang,ramoscurtis@dunn.com,Versatile empowering leverage
EMP0386,Brian Orozco,38,"2657 Higgins Park, Johnsonburgh, MS 55710",001-671-318-6537x325,Coordinator,4345814,2018-08-10,Operations,Lajang,tporter@rollins-moss.com,Multi-channeled heuristic ability
EMP0387,Sheila Davis,50,"USNV Huff, FPO AP 34038",001-891-311-6723,Analyst,14786997,2022-04-01,Marketing,Menikah,schmidtjohn@hotmail.com,Optimized human-resource product
EMP0388,John Jones,26,"PSC 7318, Box 2703, APO AP 65769",544.563.0385,Coordinator,16351697,2016-09-11,Sales,Menikah,carl12@melendez.com,Open-source solution-oriented Internet solution
EMP0389,Adam Tapia,32,"49041 Mark Greens, Liumouth, UT 41284",7900658577,Technician,6633137,2023-11-13,HR,Lajang,melindarangel@perez-deleon.org,Profit-focused user-facing encoding
EMP0390,Zachary Gonzalez,49,"9568 Tim Mall, Mcguireport, IL 07617",255-997-0927x4403,Consultant,5387990,2021-06-26,Marketing,Cerai,jennifermendoza@carter.biz,Front-line global superstructure
EMP0391,Joanna Mason,33,"182 David Rapids, East Keithhaven, NE 37323",435.076.1490x585,Consultant,8370289,2021-08-04,Operations,Menikah,brownsusan@gmail.com,Triple-buffered encompassing hub
EMP0392,Mary Short,58,"66611 Campbell Alley, West Emily, AR 54718",951.269.1306x4285,Consultant,5551281,2021-06-20,Marketing,Menikah,christy27@gmail.com,Robust heuristic extranet
EMP0393,Jessica Kennedy,25,"19134 Alan Brooks, New Christina, ID 23531",766-229-3126x1402,Assistant,19672820,2023-04-21,Logistics,Lajang,kirsten90@gmail.com,Multi-tiered coherent portal
EMP0394,Michael Richards,29,"1617 Jimenez Mountain, New Christopher, HI 72869",9001363121,Manager,7783939,2014-12-12,Sales,Menikah,mckenzie85@duncan.info,Enterprise-wide optimal middleware
EMP0395,James Mendez,38,"USCGC Peterson, FPO AE 48539",371.083.1662x28330,Assistant,14958344,2024-01-14,Marketing,Menikah,gomezbrittany@gmail.com,Team-oriented cohesive access
EMP0396,Michele Roberts,54,"438 Jamie Canyon, Vaughanchester, MT 19338",+1-936-666-7635x96267,Analyst,5690897,2022-08-05,Finance,Lajang,thomaslara@yahoo.com,Face-to-face web-enabled access
EMP0397,John Nguyen,55,"79184 Mary Mountain, Carterbury, ID 51362",(072)517-1086x5499,Technician,5149390,2018-07-14,IT,Lajang,caroline45@hotmail.com,Focused upward-trending flexibility
EMP0398,Isaiah Palmer,41,"62725 Carlos Causeway Apt. 449, Riceview, NM 55555",999.015.5970,Assistant,16854797,2023-06-06,IT,Menikah,catherine88@gmail.com,Grass-roots optimizing Local Area Network
EMP0399,Candice Oliver,45,"5663 Robinson Court, Port Tina, MN 50368",6803609242,Assistant,12505738,2020-10-12,Marketing,Menikah,perrybrandon@brooks-fletcher.com,Diverse 5thgeneration migration
EMP0400,Elizabeth Malone,39,"26863 Barbara Locks, Justinland, ME 77934",737-230-7584x78966,Consultant,9932096,2022-07-13,Finance,Cerai,lwalker@gmail.com,Proactive 6thgeneration utilization
EMP0401,Jeffrey Howard,52,"327 Gonzales Dale Apt. 075, Justinstad, ND 44881",(553)330-5325,Consultant,15613857,2017-09-01,IT,Lajang,ewilson@hotmail.com,Vision-oriented logistical knowledge user
EMP0402,Lisa Gardner,23,"2604 Hunt Well, Mataton, TN 42066",378.240.9409,Consultant,19228976,2022-06-06,Finance,Lajang,williamstony@hotmail.com,Cross-group regional model
EMP0403,Max Olson,32,"1044 Owen Orchard Suite 204, Port Michelle, MI 40645",079.303.5138,Analyst,6722048,2019-10-28,Sales,Cerai,melissaoneill@yahoo.com,Customizable fault-tolerant ability
EMP0404,Bradley Roberson,47,"2037 Shannon Ridge, Cindybury, MI 34273",069-520-1178,Coordinator,8408629,2015-12-02,HR,Menikah,karenwright@king.net,Networked interactive data-warehouse
EMP0405,Nancy King,38,"2639 Robin Causeway Apt. 289, Roweberg, MN 82402",+1-999-174-5850x159,Executive,15967188,2020-01-30,Operations,Menikah,carrie21@hotmail.com,Mandatory optimizing framework
EMP0406,Anthony Mason,28,"96718 Zamora Parkway, Juliaberg, AR 50946",309.721.3145x088,Coordinator,8206690,2017-09-30,Marketing,Menikah,jeffrey74@yahoo.com,Extended homogeneous conglomeration
EMP0407,Manuel Johnson,38,"59585 Reyes Trail, South Jennifer, CO 08711",+1-056-210-2708x912,Assistant,9775046,2021-08-26,HR,Cerai,zacharywright@glass-alexander.org,Monitored contextually-based infrastructure
EMP0408,Raymond Larsen,42,"0662 David Forest, South Travisview, MA 35070",845.348.1397,Technician,17391826,2017-03-03,Finance,Cerai,gkrueger@simpson.biz,Team-oriented reciprocal website
EMP0409,Carrie Goodman,27,"45340 Cynthia Highway, Torresburgh, SD 24591",506-273-9861,Coordinator,8132061,2016-05-23,IT,Menikah,jonesdavid@mays.com,Profit-focused interactive algorithm
EMP0410,Thomas Bradshaw,37,"382 Tanya Extension Apt. 416, South Sharonhaven, AK 43219",761.795.4837x15217,Executive,3339118,2022-05-26,Sales,Menikah,rebeccasantos@hotmail.com,Stand-alone fault-tolerant policy
EMP0411,Melissa Bennett,22,"0123 Clark Grove, West Rebecca, NY 68675",+1-035-274-6989x079,Consultant,17124002,2019-09-29,IT,Cerai,fwallace@hotmail.com,Reverse-engineered dynamic workforce
EMP0412,Tracy Robinson,51,"84103 Angelica Grove, Port Sandra, LA 99512",+1-017-705-5582,Manager,7876170,2021-06-21,Marketing,Lajang,jacksonjeffrey@yahoo.com,Implemented motivating superstructure
EMP0413,Diane Tyler,33,"5382 Martin Neck Suite 327, Allisonhaven, AR 29027",+1-833-042-8720x740,Coordinator,12313463,2018-01-13,Sales,Cerai,msosa@mckay-soto.com,Down-sized coherent monitoring
EMP0414,Anthony Howard,40,"USNS Vance, FPO AP 70600",6191626859,Manager,4672781,2016-04-05,Finance,Menikah,angelajohnson@curtis.info,Visionary heuristic projection
EMP0415,Joshua Mcdaniel,49,"1453 Oconnell Trail, East Billy, WI 72890",855.999.0192x3799,Assistant,18012730,2016-09-10,Sales,Menikah,petersonantonio@gmail.com,Networked dynamic standardization
EMP0416,Robert Tyler,47,"3530 Lisa Pass Apt. 262, East Susan, SD 12015",054.736.0504,Coordinator,17762613,2020-06-08,Logistics,Menikah,toneal@hotmail.com,Implemented needs-based matrix
EMP0417,Dustin Thompson,57,"2294 Jessica Viaduct, North Sara, AK 94553",549.492.4304x0121,Analyst,11686609,2018-10-07,Finance,Menikah,sherri02@yahoo.com,Seamless explicit knowledgebase
EMP0418,Kelli Watts,43,"90752 Sims Field, Grantfort, PA 13764",(841)819-5287,Consultant,10289073,2023-11-21,Logistics,Menikah,jpace@baxter.com,Visionary impactful capability
EMP0419,Lindsay Sanchez,40,"7913 Reed Rest, Villanuevaview, NV 75084",8199157230,Manager,11980793,2016-11-07,Marketing,Cerai,victoria78@knapp.info,Proactive heuristic strategy
EMP0420,Jeffrey Reeves,45,"55114 Mary Field Apt. 053, New Susan, MT 12030",001-358-322-3854x997,Technician,4677816,2022-09-26,Sales,Lajang,gclark@hotmail.com,Reduced motivating knowledge user
EMP0421,Amanda Thomas,29,"675 Ramos Ranch, South Michelleville, NV 85979",001-879-346-0496x01540,Technician,3172104,2014-12-20,Marketing,Menikah,contrerasjacqueline@hotmail.com,Ameliorated zero tolerance initiative
EMP0422,Sara Middleton,53,"6434 Hayes Overpass, Sandersmouth, UT 07804",+1-260-281-6976x6131,Consultant,6550742,2020-11-05,Operations,Lajang,hortonwhitney@sullivan-rose.biz,Cross-group stable open system
EMP0423,Kathryn Bauer,59,"7995 Barnes Neck, Dianemouth, OR 01642",666-190-1447x0311,Consultant,18298761,2020-10-09,Operations,Cerai,irobinson@hotmail.com,Optional composite Graphical User Interface
EMP0424,Robert Taylor,38,"Unit 9387 Box 6909, DPO AA 60808",(565)438-7788,Executive,12358490,2017-06-02,Finance,Menikah,kingjason@yahoo.com,Cross-platform directional capability
EMP0425,Mary Delgado,55,"PSC 2315, Box 9617, APO AE 20379",541-529-0969,Manager,9052790,2020-01-28,Marketing,Cerai,isaacgardner@hotmail.com,Down-sized next generation algorithm
EMP0426,Mike Moreno,23,"6188 Larry Lane Apt. 661, Port Bryanton, ME 01503",+1-689-703-2978x462,Assistant,5008640,2021-10-01,HR,Lajang,rogersrichard@bray.com,Ameliorated analyzing forecast
EMP0427,Malik Chen,42,"893 Garza Square Apt. 143, Josephberg, MN 27484",001-816-193-5810,Manager,15179042,2016-01-10,IT,Menikah,teresa33@baker.net,Streamlined real-time hierarchy
EMP0428,Jennifer Martinez,59,"382 James Trace, Wrightville, VT 27595",7154144617,Technician,10565424,2018-12-21,Marketing,Menikah,nmckee@underwood.com,Persistent incremental hardware
EMP0429,Christopher Hurley,32,"8747 Antonio Rapid, Howardside, OK 74161",144-261-3982x15483,Assistant,7805091,2017-11-26,IT,Cerai,kenneth18@wilson.biz,Synergistic contextually-based moratorium
EMP0430,Sharon Palmer,49,"7382 Flores Inlet, New Melodystad, VA 46471",566-944-9653x3651,Coordinator,19462623,2019-04-18,Logistics,Cerai,dcombs@gmail.com,Ameliorated contextually-based knowledge user
EMP0431,Dean Montgomery,25,"9907 Wilson Common Apt. 210, Kingville, OH 73797",(454)009-5173x698,Coordinator,9841902,2020-07-14,Logistics,Menikah,gomezjulie@hotmail.com,Extended radical concept
EMP0432,Kimberly Terrell,34,"41001 Jordan Summit Suite 876, Lake Danielview, TX 92470",847-879-0335x921,Coordinator,7370229,2021-08-12,IT,Lajang,sparksrachael@williamson.com,Monitored value-added implementation
EMP0433,Krista Taylor MD,58,"800 Keith Court Suite 972, West Mallory, CO 79825",001-804-790-7542x10689,Analyst,14427595,2015-09-23,IT,Lajang,rsnyder@hotmail.com,Phased mobile orchestration
EMP0434,Cory Rosales,56,"4187 Golden Station Suite 835, Port Timothyland, NV 18507",(257)109-8799,Technician,6764065,2019-05-06,HR,Cerai,powellvanessa@yahoo.com,Right-sized dynamic leverage
EMP0435,Jessica Carter,25,"93279 Mark Springs Suite 401, New Sarah, MA 32552",(785)779-8252,Technician,18612595,2019-06-21,IT,Lajang,gregory53@gmail.com,Devolved zero tolerance customer loyalty
EMP0436,Eileen Cherry,25,"USCGC Chavez, FPO AP 76953",674.064.0888x3133,Executive,9949356,2020-03-22,Marketing,Menikah,gallegoscorey@garner.com,Reverse-engineered explicit access
EMP0437,Mr. Joseph Miller,60,"11744 Bryant Cliffs Suite 654, New Randyshire, ID 55192",244-877-0131x53089,Coordinator,9312021,2023-04-22,Logistics,Lajang,yaguilar@potts.com,Upgradable multi-state hub
EMP0438,Timothy Phillips,51,"533 Amy Center Apt. 379, Kevinville, VT 51685",+1-979-541-6295x717,Coordinator,12640933,2017-10-29,Sales,Lajang,jonesgavin@taylor.org,Ergonomic analyzing structure
EMP0439,Frances Sims,46,"3657 Jennifer Islands, Port Olivia, MT 83706",+1-096-360-4252x6998,Analyst,8784619,2018-06-28,Finance,Menikah,bonniewalker@hotmail.com,Proactive motivating access
EMP0440,Justin Pacheco,59,"315 Holmes Unions, Lisabury, NV 29907",001-576-939-0686x66006,Analyst,16257926,2024-02-11,Operations,Menikah,ymartinez@gmail.com,Seamless eco-centric migration
EMP0441,Heather Abbott,29,"3612 Sanchez Shore Suite 214, New Dawntown, VA 05435",+1-758-738-2877x6101,Coordinator,4960638,2022-11-15,Logistics,Lajang,mlong@gmail.com,Adaptive national ability
EMP0442,David Mendez,52,"USCGC Tran, FPO AP 43924",374-147-7029,Manager,11949964,2021-05-08,IT,Lajang,kstone@cross.com,Horizontal analyzing core
EMP0443,Daniel Pearson,40,"464 James Flat, Juliebury, WY 46804",(320)137-9000,Analyst,15053213,2023-06-24,Logistics,Menikah,donnapatterson@gmail.com,Switchable human-resource hierarchy
EMP0444,Kathryn Newman,27,"4926 Angela Crescent Apt. 468, Craigberg, MT 61366",281-424-4995x0462,Consultant,10282150,2024-05-26,Operations,Menikah,jaywilliams@morgan.com,Robust optimizing conglomeration
EMP0445,Mrs. Shelby Ford,44,"620 Martinez Expressway Suite 935, Lisaborough, VT 62258",871.477.0857x002,Analyst,9633186,2016-06-08,Logistics,Lajang,wardpaula@gray.com,Assimilated uniform capacity
EMP0446,Theresa Ramirez,23,"4996 Short Green Apt. 724, New Jasonton, SD 67826",001-357-724-5520x55311,Coordinator,16015409,2015-12-09,Sales,Lajang,emilypreston@collins.com,Cloned uniform software
EMP0447,Mr. Antonio Harrell DVM,42,"2072 Melanie Summit Apt. 529, Melissamouth, AR 75061",(695)160-0338x838,Technician,15064990,2015-03-09,Marketing,Lajang,frenchdaniel@hanson.com,Right-sized directional collaboration
EMP0448,Eric Gross,58,"612 Richardson Glen Apt. 980, Port Susanland, CA 27123",228-345-2010,Technician,7456858,2024-09-01,Finance,Menikah,reedthomas@hart.net,Team-oriented 5thgeneration hardware
EMP0449,Gregory Golden,32,"4545 Marks Well, Cherylborough, AZ 54663",+1-795-224-3343x937,Executive,3142499,2017-11-05,IT,Menikah,ojohnson@hotmail.com,Visionary 24/7 adapter
EMP0450,Keith Adkins,54,"4167 Tanya Alley, East Calvinfurt, DC 71007",+1-775-636-8567,Executive,15757390,2016-02-12,Marketing,Menikah,bbyrd@hotmail.com,Monitored discrete extranet
EMP0451,Benjamin Price,32,"64828 Aaron Junctions, Lake Joseph, IN 68958",7883872778,Coordinator,15084164,2022-03-01,Sales,Menikah,opowers@gmail.com,Cross-group content-based capacity
EMP0452,Cory Jones,55,"642 Erica Prairie Apt. 819, South Josephton, CA 53825",(927)692-4455x25459,Manager,8828426,2015-08-15,Marketing,Lajang,hernandezhannah@yahoo.com,Automated content-based encryption
EMP0453,Laura Bruce,56,"USCGC Smith, FPO AE 90160",001-886-187-8694,Analyst,11836681,2019-03-29,IT,Lajang,markwong@hotmail.com,Profound homogeneous budgetary management
EMP0454,Brittany Phillips,44,"3760 Becky Trail, South Alyssastad, NH 31536",001-286-435-7298x627,Coordinator,18181036,2023-06-08,Marketing,Cerai,jonathannolan@luna.net,Digitized clear-thinking project
EMP0455,Amanda Smith,58,"84135 Tanya Views, Belindaton, RI 50982",251-426-8622,Coordinator,13647595,2021-11-27,Operations,Menikah,kayla40@blair.com,Front-line web-enabled standardization
EMP0456,Richard Allen,31,"5262 John Pass, West Tammy, SD 98981",(935)663-2590x947,Assistant,14583878,2018-04-14,Sales,Lajang,slopez@smith.com,Sharable fresh-thinking strategy
EMP0457,Andrea Sanders,37,"8930 Donald Forge, North Alison, SD 53019",319.182.1373,Executive,7555438,2020-09-05,IT,Lajang,nmiles@reynolds.com,Profit-focused 4thgeneration encoding
EMP0458,Emily Smith,55,"1859 Mary Cape Apt. 409, Ginachester, TX 87992",375.091.9917x8337,Consultant,14044281,2020-10-05,Logistics,Lajang,gblackburn@yahoo.com,Object-based background intranet
EMP0459,Evelyn King,32,"02798 Tina Viaduct Apt. 965, North Jessica, NV 80328",+1-247-926-1973x26736,Technician,14677395,2016-10-21,HR,Cerai,pottermary@soto.info,Adaptive solution-oriented workforce
EMP0460,Christina Carter,40,"646 Goodwin Union Suite 321, Anneport, KS 60984",9603748372,Assistant,12158319,2021-07-13,Operations,Menikah,rmiller@keith-christensen.net,Assimilated transitional moratorium
EMP0461,Steven Wells,22,"706 Moyer Spur, Millerport, SC 47463",(507)613-8710x8516,Assistant,10155604,2024-03-20,IT,Lajang,valeriesimpson@hotmail.com,Realigned uniform secured line
EMP0462,Angela Spears,28,"PSC 2951, Box 9508, APO AE 35630",+1-686-835-4870x873,Coordinator,19396183,2020-09-17,Sales,Lajang,fisherandrew@hotmail.com,Virtual fresh-thinking knowledgebase
EMP0463,Erica Parker,59,"45277 Walker Path Apt. 708, Lake Stephanieton, AL 51388",001-877-116-0839x16300,Technician,15932666,2016-12-20,Marketing,Lajang,karengonzalez@smith-kennedy.com,Fundamental stable adapter
EMP0464,Lauren Keller,46,"349 Gonzalez Tunnel Suite 327, Port Kevin, RI 98943",9191585320,Analyst,6087499,2018-04-13,IT,Cerai,emilyhall@yahoo.com,Reactive explicit leverage
EMP0465,Rose Parker,39,"712 Craig Garden Suite 889, New Deborah, AK 66538",5410555935,Manager,5633578,2019-10-11,Sales,Cerai,walkererin@salinas-leon.com,Sharable logistical Graphical User Interface
EMP0466,Kevin Goodwin,45,"967 Orr Path, West Shelia, HI 54899",8074309839,Assistant,8092053,2022-07-31,IT,Menikah,scott71@yahoo.com,Innovative maximized interface
EMP0467,Nathan Mcintyre,29,"134 Stephen Estate Suite 779, Smithbury, TN 94127",005-847-1318,Assistant,19085705,2019-08-08,IT,Menikah,rebekah48@gmail.com,Devolved dynamic protocol
EMP0468,Phillip Chambers,50,"3838 Davis Branch Suite 538, Jamesmouth, SD 44087",+1-728-605-1210x4862,Manager,15098179,2015-09-29,Finance,Menikah,hsmith@yahoo.com,Optimized client-server adapter
EMP0469,Isabel Dodson,60,"Unit 1844 Box 7831, DPO AA 86987",(596)014-3578x19625,Consultant,9983907,2022-09-16,HR,Menikah,fsanchez@hotmail.com,Automated client-driven algorithm
EMP0470,Nicholas Griffin,40,"9634 Ford Isle, Brendaport, NC 08202",5487751822,Coordinator,11755603,2021-01-20,IT,Menikah,hamptonjoseph@wilson-ward.org,Organic zero-defect orchestration
EMP0471,Joshua Parker,42,"6729 Whitaker Way, North Leslieside, VA 79982",746.480.5410,Technician,5564924,2023-02-19,Finance,Menikah,whitechelsea@singleton-franklin.info,Balanced multi-state encoding
EMP0472,Evan Porter,27,"158 Sherman Spur Suite 229, North Melissastad, MS 96285",7925980461,Executive,4899115,2019-01-26,Operations,Lajang,kimberlyallen@williams.net,Pre-emptive empowering focus group
EMP0473,Kenneth Weber,49,"218 Valerie Ports, Drewhaven, DC 73057",165.540.3680x157,Manager,12992984,2024-10-09,Sales,Lajang,patriciabutler@king.com,Open-source 3rdgeneration attitude
EMP0474,Jennifer Graves,33,"172 Gonzalez Streets, Shannonbury, NJ 31511",+1-086-366-8471x95816,Consultant,19083498,2015-01-05,Finance,Menikah,catherinemoore@patrick.com,Up-sized bi-directional projection
EMP0475,Laura Smith,41,"29360 Lucas Unions, South Anthony, IL 92691",(925)732-4756x0211,Executive,11031421,2017-02-10,Sales,Menikah,tammypatton@thomas.org,Distributed bottom-line moratorium
EMP0476,Matthew Wheeler,44,"8230 Wilson Way, North Peggyfort, WI 60716",(067)814-0954x31649,Technician,12160379,2019-05-01,Sales,Lajang,randallchristina@hotmail.com,Total encompassing customer loyalty
EMP0477,Dylan Mccarthy,55,"761 Jenna Divide, Virginiafurt, TN 80080",192-883-9941,Technician,18083549,2020-02-16,Sales,Lajang,courtneymyers@hotmail.com,Monitored foreground algorithm
EMP0478,Ann Walker,29,"0561 Martinez Ridges Suite 490, South Brandonbury, VT 02499",2530108262,Analyst,16496059,2017-07-09,Logistics,Menikah,michaeljohnston@hotmail.com,Pre-emptive asymmetric strategy
EMP0479,Mrs. Lauren Frey,44,"4156 Mary Port Suite 153, South Sarahview, WY 94914",971-258-1646,Manager,3978769,2015-04-28,Finance,Menikah,rachelmoore@yahoo.com,Secured disintermediate standardization
EMP0480,Ronald Frost,50,"53780 Daniel Villages, East Christopherchester, MI 91541",768.652.0471,Executive,9171250,2018-06-29,Finance,Lajang,xmiller@hunt.org,Universal executive circuit
EMP0481,Amanda Hunter,32,"4801 Dixon Ford, New Brittneyburgh, ND 64721",086-251-8816,Consultant,3659344,2017-05-07,Marketing,Menikah,hgreen@adams.net,Advanced incremental approach
EMP0482,Michael Hopkins,39,"006 Robert Summit, North Amy, RI 73054",271.688.6531x61927,Technician,5146001,2023-12-07,IT,Menikah,christine63@gmail.com,Implemented fresh-thinking knowledge user
EMP0483,Michael Barnett,24,"6165 Hawkins Locks, Chelseachester, PA 31688",821-333-1318,Technician,9767097,2023-10-13,Logistics,Lajang,elawrence@yahoo.com,Business-focused 3rdgeneration toolset
EMP0484,Teresa Owen,57,"1067 Clark Ridge Suite 626, Brittanymouth, MT 35911",+1-554-551-8890x902,Consultant,16384050,2015-07-18,IT,Lajang,stonechristine@yahoo.com,Cross-group regional parallelism
EMP0485,Michelle Scott,29,"37921 Christopher Alley, West Emilyburgh, AZ 34791",(480)468-3355x620,Coordinator,3761161,2018-05-25,Finance,Menikah,tmccoy@yahoo.com,Multi-lateral human-resource alliance
EMP0486,Mary Curry,38,"USS Jones, FPO AE 19834",1173248162,Consultant,9901767,2015-12-04,HR,Menikah,wbates@johnson-harvey.com,Optimized foreground middleware
EMP0487,Jessica Alvarado,31,"892 Smith Extension Suite 657, Adamberg, NH 93451",001-322-948-1858x11843,Executive,10411831,2023-04-28,IT,Lajang,tonilarson@simon.org,Reactive hybrid analyzer
EMP0488,Matthew Terrell,26,"06454 Phillips Ways, Davidfort, NH 37405",633.855.3935x75982,Technician,10604920,2017-04-21,IT,Lajang,shawrobert@gmail.com,Triple-buffered client-driven access
EMP0489,Elizabeth Gibson,36,"0727 Lang Crossing Apt. 480, Hartfurt, NE 42602",086-634-8280x09197,Consultant,19279330,2018-03-25,Marketing,Cerai,eduran@gmail.com,Switchable interactive middleware
EMP0490,Amber Miller,52,"511 Carpenter Summit, Sheltonbury, CT 98982",(656)054-7856,Consultant,18388685,2020-10-24,Finance,Lajang,samanthabrown@daniel.info,Upgradable methodical encryption
EMP0491,Melissa Ellison,50,"1316 Carolyn Dale Apt. 525, Reedton, MO 59708",001-169-458-8993,Analyst,19222149,2017-03-22,HR,Menikah,jason94@santos.info,Function-based attitude-oriented collaboration
EMP0492,Taylor Jackson,47,"402 Jeffrey Inlet, South Erin, AK 58218",458.159.2839,Consultant,6771835,2023-05-02,Marketing,Cerai,perezcassandra@krause.com,Decentralized client-server model
EMP0493,Paula Young,38,"1842 Burgess Ford Apt. 130, Huntermouth, AK 57875",487-311-9238x4799,Technician,14203494,2019-06-06,Sales,Menikah,paulcameron@gmail.com,Synergistic dedicated installation
EMP0494,Veronica Pacheco,43,"5646 Dylan Prairie Suite 329, South Stephanie, IL 91493",(458)446-3959x21588,Coordinator,8156006,2024-10-06,IT,Cerai,rodneydunn@hunt-beck.com,Devolved asymmetric capability
EMP0495,Elizabeth Sparks,35,"913 Sean Extensions Suite 750, Marilynborough, WA 75233",001-958-183-0221,Executive,5330292,2020-01-05,Finance,Lajang,krystalallen@watkins.com,Triple-buffered 24/7 success
EMP0496,Deborah Lucas,53,"76742 Kiara Shoal Suite 668, Theresaville, SC 39880",001-940-921-0168x881,Assistant,7469403,2020-08-11,HR,Cerai,gparker@jackson-mathis.info,Compatible tertiary knowledgebase
EMP0497,Leslie Curtis,27,"PSC 9934, Box 0200, APO AE 50378",+1-607-258-1246x83183,Analyst,9792188,2018-07-20,Finance,Menikah,christianbrown@andrews.com,Object-based homogeneous approach
EMP0498,Jason Young,55,"82585 Peter Coves, East Christopherport, IL 18195",+1-538-921-9937x319,Technician,8924214,2016-06-28,IT,Cerai,sweaver@gmail.com,Expanded user-facing toolset
EMP0499,William Holland,27,"Unit 9937 Box 1161, DPO AA 49290",+1-772-082-4813x6201,Technician,5921182,2018-10-21,Sales,Cerai,jermaine07@gmail.com,Progressive multi-tasking attitude
EMP0500,Mary Hernandez,56,"5724 Young Garden, Joeview, SC 19432",(856)083-5926x433,Consultant,17533066,2016-06-11,Marketing,Menikah,boydnicholas@yahoo.com,Total dedicated frame
EMP0501,Bradley Greene,54,"2255 Johnson Causeway, Zacharymouth, MD 38354",+1-005-047-4332x0926,Assistant,10531827,2017-08-29,IT,Lajang,bradley54@walsh-irwin.net,Re-engineered exuding data-warehouse
EMP0502,Brenda Hunter,42,"8639 Tran Mountain Apt. 597, Joshuaside, AK 73400",(076)570-3585x93317,Coordinator,17228955,2023-07-09,Marketing,Cerai,joseph24@yahoo.com,Customizable scalable adapter
EMP0503,Kathy Le,31,"Unit 1545 Box 5814, DPO AA 75469",001-739-211-0264,Analyst,11523004,2023-07-25,Finance,Lajang,oromero@gmail.com,Synergistic global project
EMP0504,Kristin Barker,44,"2641 Grant Gateway, Philipside, LA 69329",9931063966,Consultant,8688583,2017-07-09,IT,Cerai,melissa31@hotmail.com,Public-key 24hour utilization
EMP0505,Geoffrey Hopkins,44,"8617 Smith Meadows Apt. 348, New Kylebury, WA 15415",+1-460-450-7294x249,Technician,16171017,2021-08-10,Operations,Lajang,kthornton@gmail.com,Focused asynchronous core
EMP0506,Katherine Lloyd,25,"PSC 2363, Box 6827, APO AP 69290",+1-142-283-3522x9195,Executive,12401544,2020-03-22,Finance,Menikah,kleindouglas@gmail.com,De-engineered modular installation
EMP0507,Samantha Bryant,45,"849 Lauren Burgs, Laurenchester, DC 37689",(246)373-4280x73843,Consultant,8849235,2016-09-06,Sales,Menikah,gary57@yahoo.com,Distributed zero-defect moratorium
EMP0508,Joseph Brown,24,"89832 Mindy Creek Suite 994, East Rhondachester, VT 64486",+1-801-859-7244x6472,Coordinator,11624053,2020-04-27,Marketing,Menikah,katieholt@moreno.com,Devolved leadingedge frame
EMP0509,Paula Salinas,30,"995 Linda Courts, Wilsonside, SD 97693",194-000-8038,Executive,16815695,2017-12-05,Operations,Lajang,nicolecole@watts-bell.info,Synergistic 5thgeneration infrastructure
EMP0510,Joseph Brown,25,"015 Farrell Ports Apt. 081, Hessfort, TN 81380",927.514.6190x2639,Consultant,15370832,2019-01-08,Finance,Lajang,sweeneyshelly@williams-miller.biz,Centralized heuristic definition
EMP0511,Brian Gonzalez,44,"46974 Barry Creek, West Corytown, SC 71741",+1-671-740-8572,Executive,5905410,2024-07-23,Sales,Lajang,freemanphilip@hotmail.com,Visionary neutral leverage
EMP0512,Devin Ryan,47,"231 Victor Ford, Jesuschester, ND 39677",+1-887-455-6479,Executive,3992646,2020-08-18,Logistics,Cerai,albert96@hotmail.com,Proactive asymmetric service-desk
EMP0513,Tamara Gilbert,43,"9282 Conway Prairie, South Sheila, WV 03229",863-423-0079x95483,Consultant,3118610,2023-01-04,Operations,Menikah,tmurray@gmail.com,Quality-focused clear-thinking artificial intelligence
EMP0514,Robert Hoffman,29,"6788 Pam Square Apt. 121, West Meghanberg, SD 23168",813.753.9511x978,Executive,18327723,2018-04-05,Finance,Lajang,millertimothy@miller.com,Quality-focused tertiary system engine
EMP0515,Kyle Hughes,37,"4685 Stacy Fords Apt. 572, Lake Charlotteport, MO 74984",(500)356-9753,Technician,14020581,2022-09-23,HR,Menikah,schung@hill.com,Optimized static initiative
EMP0516,Jonathan Garcia,51,"8637 Simmons Plain, Dudleyberg, GA 69565",+1-209-638-3456x472,Assistant,8374266,2023-08-01,Finance,Cerai,jasmin83@yahoo.com,Face-to-face uniform encryption
EMP0517,Timothy Moore,23,"8193 Brian Unions Suite 954, Hamiltonside, MS 19610",9209112795,Analyst,17484465,2024-01-12,Logistics,Lajang,ali@krause.biz,Managed high-level portal
EMP0518,Pamela Mack,51,"973 Nathan Lock, Blakefort, NE 84602",(754)313-4814x8629,Assistant,15092970,2017-03-23,Finance,Cerai,harristhomas@andrews-graham.com,Re-engineered modular project
EMP0519,Tracy Burke,34,"USS Nelson, FPO AP 65677",001-474-882-8346,Assistant,9212132,2016-12-28,IT,Lajang,katherineharris@pearson.com,Triple-buffered transitional matrix
EMP0520,Ronald Hernandez,47,"80699 Luis Common Suite 188, Buckfurt, CO 69214",+1-033-929-3990x5611,Executive,6937349,2024-03-08,HR,Cerai,blawrence@martinez-carroll.com,Enhanced asymmetric interface
EMP0521,Jason Meyer,24,"1220 Michael Valleys, Anamouth, AK 93538",(379)799-4577,Assistant,5375416,2023-01-13,Operations,Lajang,perkinsjulie@yahoo.com,Fully-configurable web-enabled encryption
EMP0522,Bob Allen,57,"8830 Mccormick Track Apt. 254, New Christopherfurt, MD 02780",433-681-4561x0553,Consultant,5527545,2021-09-17,Finance,Lajang,mary12@montgomery.org,Grass-roots didactic encoding
EMP0523,Danny Juarez,44,"9762 Christopher Grove Suite 186, New Sabrinahaven, MI 09971",+1-125-081-8411x07084,Executive,6984401,2018-11-04,HR,Cerai,rebecca16@gmail.com,User-friendly holistic throughput
EMP0524,Brandon Guzman,49,"0782 Bobby Landing, Port Michelle, UT 96413",001-757-760-7507x3414,Assistant,16440720,2018-02-17,Marketing,Menikah,samanthabender@roach.net,Organized homogeneous moderator
EMP0525,Joseph Rogers,60,"9651 Perez Ridges, Bryanmouth, AZ 20400",024-779-5486x5603,Consultant,16832856,2019-04-01,HR,Lajang,jkane@gmail.com,Object-based coherent methodology
EMP0526,Shelby Arnold,47,"6910 Martinez Hollow, East Kimberly, DE 36196",(912)864-0504x52965,Consultant,17030895,2019-08-30,Sales,Cerai,jenningsmark@pierce.com,Quality-focused maximized strategy
EMP0527,Theresa Gonzalez,24,"79297 Danny Vista Apt. 910, North Joeview, KY 25406",(162)989-5274x3407,Technician,9291061,2015-05-08,Finance,Menikah,rodneyyoung@gmail.com,Assimilated heuristic Local Area Network
EMP0528,Elizabeth Vasquez,46,"34815 Vaughn Parkway Apt. 371, Lake Michael, MD 85784",(612)745-1042x4057,Consultant,14298222,2020-11-14,Operations,Cerai,cardenasdouglas@rice-hart.com,Assimilated zero tolerance knowledge user
EMP0529,Matthew Taylor,46,"79945 Theodore Heights, Marissaton, OH 05398",+1-924-849-3774x26622,Assistant,16985410,2017-07-10,Marketing,Menikah,garciagary@ferguson-hunt.com,User-friendly intermediate benchmark
EMP0530,Sherry Patel,41,"USS Walker, FPO AP 58773",001-684-419-0054x49807,Manager,8257533,2018-08-21,Operations,Cerai,bdiaz@mcclain-williams.com,Multi-lateral real-time productivity
EMP0531,Amber Gomez,50,"2317 Brandon Course Suite 384, Hillton, PA 74770",161.486.8038,Technician,13531508,2023-01-13,Marketing,Lajang,judyestrada@parker-myers.info,Profit-focused needs-based utilization
EMP0532,Carrie Mayer,47,"1734 Foster Freeway Suite 595, North Craigburgh, OH 74035",932.434.8205x043,Manager,8122041,2019-09-06,Operations,Lajang,dmcdowell@yahoo.com,Organic disintermediate flexibility
EMP0533,James Alexander,53,"10736 Craig Stravenue, Lake Jacob, VT 77869",235-797-5792,Assistant,9558640,2015-06-30,Finance,Lajang,russell25@gmail.com,Reactive client-driven strategy
EMP0534,Sophia Donaldson,24,"3654 Linda Mission, Castrohaven, MA 41465",834-918-5939,Manager,12198705,2021-08-05,Sales,Lajang,kevin59@hogan.com,Organized foreground portal
EMP0535,Austin Floyd,54,"7616 Rachel Village Apt. 155, Port Jasonhaven, LA 23813",5312836509,Coordinator,10688527,2018-10-15,HR,Lajang,hilldavid@vargas-mills.com,Realigned hybrid paradigm
EMP0536,Thomas Schwartz,56,"73271 Daniels Extensions Suite 351, West Joeshire, ND 01654",+1-760-020-7891x841,Technician,13338909,2020-02-01,Operations,Cerai,petermyers@bridges-burgess.com,Mandatory impactful system engine
EMP0537,Tonya Davis,24,"Unit 3078 Box 8238, DPO AA 99723",053-432-8975,Analyst,5187872,2020-12-04,Operations,Cerai,mark88@hotmail.com,Profit-focused multi-tasking approach
EMP0538,Nicole Hansen,48,"257 Lauren Mill Apt. 588, Armstrongland, OR 46514",001-007-390-8634x026,Assistant,18570434,2020-06-25,Sales,Cerai,jaredhaney@hotmail.com,Self-enabling logistical pricing structure
EMP0539,Patrick Callahan,52,"542 Mary Ford Apt. 366, Marquezburgh, IN 01032",(557)100-6100x91375,Executive,4680480,2020-10-13,Finance,Cerai,frank48@nelson.net,Streamlined leadingedge hardware
EMP0540,Timothy Reyes,41,"39237 Adam Coves Apt. 631, Lake Matthew, OR 44672",483-462-6425,Executive,8073938,2017-03-29,Operations,Menikah,hquinn@cruz-hernandez.net,Organized bandwidth-monitored structure
EMP0541,Connor Perry,52,"8608 Rogers Neck Suite 563, Longville, MA 53778",(824)593-1716x20951,Assistant,8230774,2019-06-09,Logistics,Cerai,patricia05@warner.net,Monitored logistical success
EMP0542,Leroy Roach,27,"503 Preston Club Apt. 599, North Codytown, WV 32573",(332)359-7460x0691,Executive,12289045,2018-06-18,Operations,Cerai,wilsonbrad@yahoo.com,Triple-buffered foreground challenge
EMP0543,Corey Brown,60,"4754 Ethan Stream, New Amy, NJ 56379",121.840.2546x9900,Executive,10797536,2021-02-16,Logistics,Lajang,nweaver@sanchez.net,Programmable stable support
EMP0544,Mrs. Maria Bennett DDS,45,"8604 Tonya Drive, Jenniferside, MD 97927",696.440.8836x46881,Analyst,3532944,2016-08-28,Operations,Cerai,jessicawright@gmail.com,Re-engineered asynchronous moratorium
EMP0545,James White,52,"942 Eric Via Apt. 274, New Lisa, ID 35861",001-202-810-2604x1687,Executive,13215501,2015-11-29,Operations,Cerai,timothygonzalez@johnson-craig.com,Digitized bandwidth-monitored matrices
EMP0546,Danny Jacobs,27,"1705 Garcia Island Apt. 786, Jeromebury, UT 02217",235-009-2079x586,Assistant,10903829,2024-02-29,HR,Lajang,cruzjason@velez.org,Synergized 24hour encryption
EMP0547,Mary Barry,42,"771 Tommy Lane Suite 857, East Lisa, HI 48046",879.273.3944x0550,Consultant,3047260,2024-01-27,Sales,Cerai,joseph63@hotmail.com,Ameliorated client-server conglomeration
EMP0548,Joseph Jenkins,55,"22542 Rosario Forest Apt. 085, North Mary, MD 99450",(163)998-9554,Consultant,11665242,2018-03-23,Marketing,Cerai,qmcmillan@gmail.com,Open-source human-resource complexity
EMP0549,Jesse Charles,33,"23703 Goodman Plaza Suite 833, Shannonberg, NJ 87301",956-760-0336x37632,Manager,3176451,2016-10-16,Finance,Cerai,epowell@lucas-stark.org,Open-architected secondary moderator
EMP0550,Michael Moore,41,"38761 Salazar Mountain Apt. 826, West Caroline, WV 58710",0150041215,Coordinator,16096090,2016-05-04,Finance,Lajang,reynoldsphyllis@nelson-jackson.com,Automated 3rdgeneration help-desk
EMP0551,Jason Cook,23,"887 Dennis Neck, Brendanville, IL 33930",+1-007-330-0195x64819,Technician,14340993,2016-08-05,HR,Menikah,uvasquez@conner.com,Customizable scalable productivity
EMP0552,David Murphy,35,"USNS Sutton, FPO AE 01412",+1-537-074-2838x6232,Assistant,9965964,2018-02-25,Marketing,Lajang,amycarter@stewart.info,Robust system-worthy capability
EMP0553,Heather Knight,39,"4232 Williams Forks, Victoriaton, SD 37393",243-854-6390,Manager,4183383,2014-12-05,HR,Cerai,moorediana@yahoo.com,Public-key encompassing orchestration
EMP0554,Matthew Bishop,45,"8721 Martinez Fork, North Stephenland, DE 17625",001-504-693-3791x814,Coordinator,7440199,2020-06-09,Operations,Lajang,thomaspaul@davis.com,Cross-group modular capacity
EMP0555,Tristan Price,34,"112 Sarah Cliffs, Lozanoborough, TX 79919",+1-339-220-7941x69727,Manager,16416738,2023-12-21,Finance,Menikah,watsonmeghan@yahoo.com,Public-key needs-based initiative
EMP0556,Michael Moses,41,"363 Munoz Dale Suite 288, Estradaview, NM 17640",075.562.1870x0843,Assistant,6626158,2019-03-08,Operations,Cerai,oliviapayne@hotmail.com,Face-to-face value-added framework
EMP0557,Amanda Ward,30,"22482 Angela Loaf, Deannastad, OR 25910",(296)466-1322x0769,Analyst,7317076,2015-02-09,Operations,Menikah,richard89@hotmail.com,Implemented intermediate superstructure
EMP0558,Patrick Meyer,24,"38873 Colleen Stream, East Valerie, WA 58638",256-067-4769,Consultant,5222013,2016-08-19,IT,Cerai,martinezcarrie@yahoo.com,Enterprise-wide logistical complexity
EMP0559,Sarah Logan,42,"45155 Baldwin Summit Suite 509, Wandafort, IA 78932",(098)623-9677x64520,Consultant,7689741,2019-08-18,Logistics,Menikah,michaelmorris@hotmail.com,Mandatory didactic knowledge user
EMP0560,Stephanie Mcdonald,31,"USCGC Carpenter, FPO AA 42430",+1-953-719-8980x45082,Executive,15786927,2017-05-02,Marketing,Cerai,qhubbard@hotmail.com,Networked neutral capability
EMP0561,Douglas Watts,27,"6430 Hernandez Curve, East Tanya, WY 60015",8992002681,Coordinator,6068407,2019-04-04,Logistics,Lajang,madison62@hamilton.com,Adaptive user-facing neural-net
EMP0562,Kevin Elliott,46,"11314 Sanders Ports, West Joshualand, UT 96486",884-897-8738,Coordinator,12447008,2018-10-15,IT,Cerai,njohnson@hotmail.com,Visionary stable productivity
EMP0563,Emily Johnson,48,"394 Hudson Club, North Malikhaven, AZ 43982",001-812-700-5405x5039,Analyst,11058473,2020-04-21,HR,Menikah,matthewsullivan@patterson.org,Cloned human-resource secured line
EMP0564,Margaret Hamilton,28,"95848 Nancy Squares, North Claudiahaven, RI 89015",(042)943-3935x981,Coordinator,14165627,2021-05-30,Sales,Cerai,ksmith@murray.com,Optional incremental open architecture
EMP0565,Michael Brown,45,"0388 Martin Station Apt. 252, Stoneborough, MA 02274",017-693-8466,Consultant,14898927,2018-04-10,Logistics,Cerai,john00@hotmail.com,Optimized global archive
EMP0566,Matthew Hebert,55,"626 Walker Lights, North Rachelton, OH 33545",333.975.0445x0374,Manager,7719723,2018-08-03,Logistics,Lajang,ascott@gomez.com,Cross-group regional groupware
EMP0567,Brandon Barnes,57,"Unit 3483 Box 1523, DPO AE 58894",001-652-730-5265,Coordinator,9951173,2024-09-11,Logistics,Menikah,whitemadeline@yahoo.com,Polarized stable strategy
EMP0568,James Wilson,35,"4742 Richardson Forest Apt. 619, Andreaton, DE 94973",(247)651-7288x436,Assistant,16228903,2017-11-13,Sales,Menikah,christopherwright@cherry-ortiz.net,Centralized actuating matrix
EMP0569,Vanessa Hernandez,35,"43511 Rachel Points, Port Kevinhaven, RI 10420",(949)409-7315,Analyst,19636524,2016-08-31,IT,Lajang,ruthmiller@hill-valentine.net,Ameliorated heuristic time-frame
EMP0570,Christine Kidd,57,"8698 Brandy Points Suite 124, Freemanville, ID 91436",758.376.2499x5458,Coordinator,17133257,2017-09-26,Finance,Menikah,dixonjoshua@yahoo.com,Ameliorated zero tolerance instruction set
EMP0571,Kristen Davis,44,"65697 Riley Locks, Marialand, AL 88884",(723)855-0560x8898,Assistant,4460826,2017-06-17,Sales,Lajang,williammartinez@hotmail.com,Enhanced hybrid software
EMP0572,Ronald Blair,59,"7026 Dan Gateway Suite 403, North Lindabury, VA 33763",(999)807-7198x782,Manager,19410265,2020-12-22,Marketing,Cerai,jeremyclayton@morris.net,Networked even-keeled superstructure
EMP0573,Mr. Richard Heath,30,"146 Lynn Crescent Suite 017, West Roy, CO 47785",001-721-645-9473x90392,Assistant,7978844,2023-03-03,IT,Lajang,wesleycarlson@gmail.com,Vision-oriented zero administration framework
EMP0574,Kelly Green,28,"388 Michael Summit Suite 807, Harrisstad, RI 40179",(351)985-5026x574,Executive,16949004,2016-09-05,Operations,Lajang,bowmanjerry@gmail.com,Compatible global Graphical User Interface
EMP0575,Heather Mcgee,43,"6479 Christopher Villages Suite 311, New Ricky, NV 00857",7336446478,Coordinator,19765717,2020-09-17,Marketing,Lajang,zmiller@gmail.com,Grass-roots encompassing data-warehouse
EMP0576,Danielle Moody,48,"56687 Douglas Shores, Jodimouth, NV 49495",566-912-0930x32743,Coordinator,8377757,2022-12-01,Operations,Menikah,wiseisabella@hotmail.com,Monitored object-oriented conglomeration
EMP0577,Michael Allen,52,"83569 Mary Garden, East Renee, PA 56377",(324)282-1764x5599,Consultant,16736149,2022-08-07,HR,Lajang,tramos@gmail.com,Upgradable bi-directional hub
EMP0578,Douglas Castillo,54,"118 Powell Manors Apt. 185, South Patriciaborough, OH 69148",481.743.9976,Analyst,14373301,2015-09-16,Sales,Cerai,ksullivan@yahoo.com,Total directional contingency
EMP0579,Terri Nash,32,"55163 Weaver Route, Kingland, NH 55197",(960)821-4990x7126,Consultant,6475885,2015-04-16,Marketing,Cerai,deborahalexander@harrison.biz,Realigned contextually-based conglomeration
EMP0580,Jessica Clayton,58,"8615 James Village, West Matthew, MO 39863",001-856-253-2725,Technician,19893295,2019-05-02,IT,Menikah,hughesbrenda@yahoo.com,Vision-oriented mobile infrastructure
EMP0581,Oscar Aguilar,60,"71904 Lucas Loaf, Lake Rachel, UT 49971",001-417-273-1492x69089,Technician,9790943,2024-04-07,HR,Cerai,josecruz@hotmail.com,User-centric bandwidth-monitored project
EMP0582,Gabriella Burns,35,"8819 Stephen Gateway Apt. 829, Jaredfort, MS 39238",950-649-3950,Technician,18574740,2021-02-10,Marketing,Lajang,smithamanda@huang.biz,Front-line intermediate initiative
EMP0583,Linda Bennett,50,"31195 Ward Passage Suite 261, Thompsonville, AR 90526",4863746909,Analyst,13522755,2017-05-19,Operations,Menikah,mhall@yahoo.com,Mandatory executive function
EMP0584,Ryan Fowler,48,"8606 Hall Wells, Lauraville, SC 71921",(887)874-8248x12099,Assistant,12713760,2016-09-29,HR,Lajang,leahvargas@yahoo.com,Focused holistic info-mediaries
EMP0585,Rebecca Keller,26,"19435 Brandy Park, North Joseph, NV 59362",001-790-926-8726x422,Consultant,18106170,2018-11-27,HR,Menikah,williamsgabriela@yahoo.com,Centralized object-oriented methodology
EMP0586,Jamie Barber,48,"861 Evans Gardens Apt. 723, South Kristineport, CT 78760",410.595.7656,Technician,9992545,2023-10-28,Marketing,Cerai,jackhicks@yahoo.com,Synergized demand-driven challenge
EMP0587,Vincent Marks,39,"4009 Tracy Forest, Kristinfort, OH 53128",(656)274-7733x952,Coordinator,5031704,2017-02-06,Sales,Menikah,jimmy33@martin-rojas.com,Managed hybrid function
EMP0588,Diana Berry DVM,44,"727 Baker Unions, Hernandezchester, OH 12124",144.641.3719,Consultant,15745279,2018-04-08,IT,Lajang,cindy31@gibbs-contreras.com,Focused responsive architecture
EMP0589,Laurie Pope,24,"6982 Alexandra Mountain Apt. 137, Derekborough, WY 40805",366.659.6215,Coordinator,10853027,2017-03-22,Finance,Cerai,stefanie78@wyatt.net,Proactive mission-critical circuit
EMP0590,Sheena Smith,43,"42917 Harrell Station, Cindyton, NY 90756",(643)023-2433x700,Coordinator,5357094,2016-08-15,Operations,Lajang,travis71@hotmail.com,Enhanced next generation methodology
EMP0591,John Green,32,"USS Kelly, FPO AA 41251",909-777-3531,Manager,12432030,2018-05-02,Operations,Menikah,tkidd@gmail.com,Re-contextualized client-driven database
EMP0592,William Bradley,41,"675 Kerr Lakes Apt. 287, Tinaport, RI 41533",001-290-448-8046x7408,Analyst,9673308,2018-03-13,HR,Cerai,andrew06@yahoo.com,Synergistic directional database
EMP0593,James Shelton,48,"73264 Schmidt Haven, Jodibury, NJ 60861",001-756-371-0820x532,Technician,8607080,2017-10-14,Logistics,Cerai,usmith@yahoo.com,Cloned static system engine
EMP0594,Mark Jones,47,"13112 Carter Oval Suite 838, Lake Gary, CA 42287",001-702-832-0476x465,Coordinator,14371261,2021-07-24,HR,Cerai,fevans@johnson.com,Organized bifurcated projection
EMP0595,Tyler Wheeler,30,"2111 Alex Circle, Jenniferhaven, ND 19646",104-499-7428x9820,Technician,18981343,2020-04-07,IT,Menikah,sheri45@gmail.com,Proactive optimizing projection
EMP0596,William Williamson,30,"80529 Wright Key, North Christinaview, IL 11183",(271)566-4201,Manager,14308716,2020-11-25,IT,Lajang,smithamy@gmail.com,Front-line stable synergy
EMP0597,Michele Wyatt,57,"06950 Brandon Island, Camerontown, MA 01608",001-924-178-0125x66387,Technician,13699654,2021-06-12,Operations,Lajang,johnssara@olsen-stone.com,Fundamental context-sensitive workforce
EMP0598,Katie Webb,36,"4713 Larry Loaf Suite 470, West Anthony, CA 90577",493.507.0803x07338,Executive,19292367,2023-04-30,Sales,Cerai,mannmark@rodriguez.com,Stand-alone zero-defect emulation
EMP0599,Jeanette Ford,28,"88668 Jamie Forges Suite 813, West Emily, NC 01094",968.150.3248,Executive,17802741,2022-08-10,IT,Lajang,bharris@hotmail.com,Distributed fresh-thinking emulation
EMP0600,Stephen Mcguire,24,"141 Kelly Highway Suite 414, Port Anthonybury, HI 28104",(963)041-6200,Consultant,5678249,2017-06-29,IT,Lajang,travis40@yahoo.com,Enhanced regional open architecture
EMP0601,Robert Roman,25,"58051 Bryant Springs, Duncanstad, GA 88153",749.567.7873,Assistant,8964856,2023-05-05,Sales,Cerai,susanmorris@gmail.com,Realigned regional secured line
EMP0602,Ryan Hall,24,"51147 Jeffrey Streets Suite 152, Donovanborough, KY 00527",021.262.4291,Manager,13348611,2018-12-14,Marketing,Lajang,zscott@gmail.com,Future-proofed fault-tolerant framework
EMP0603,Alicia Williams,55,"6397 Jorge Ports, Johnbury, MT 07362",(554)846-8316,Manager,18713074,2018-04-07,IT,Menikah,sophiaramirez@gmail.com,Ameliorated 24hour flexibility
EMP0604,Raymond Mueller,60,"059 James Course Apt. 237, Tamaramouth, UT 25067",756-410-0902x0629,Consultant,17863477,2021-07-16,Logistics,Menikah,caldwellbrian@hines.com,Business-focused zero administration flexibility
EMP0605,Joseph Rogers,46,"1020 Kevin Heights, West Jamesshire, NM 24780",+1-931-976-9248x14595,Consultant,11815041,2020-04-06,Finance,Menikah,herreracarla@hotmail.com,Sharable tangible attitude
EMP0606,Carolyn Hatfield,34,"111 Scott Turnpike, South Sierraburgh, MO 19658",323.938.9264,Technician,16547251,2017-01-30,Finance,Cerai,coltontorres@schwartz.biz,Persevering human-resource architecture
EMP0607,Katherine Harvey,46,"USCGC Maldonado, FPO AE 16658",561.612.6109x7664,Coordinator,5279890,2020-09-18,IT,Menikah,vicki45@espinoza.com,Public-key 5thgeneration pricing structure
EMP0608,George Mills,22,"32853 Tammy Place, Andrewchester, WV 33835",001-362-343-4399x3234,Manager,13891359,2017-01-27,Logistics,Lajang,cdaniels@butler.org,Implemented multi-tasking firmware
EMP0609,Melissa Hall,31,"588 David Estate Suite 359, West Christian, UT 82671",(088)960-3591,Analyst,8175065,2023-03-07,IT,Cerai,lauriegonzalez@williams-williams.com,Seamless reciprocal parallelism
EMP0610,Kathryn Wood,27,"Unit 7427 Box 7188, DPO AP 28831",5867833445,Coordinator,4116478,2015-02-06,Logistics,Menikah,michael79@silva.org,Configurable secondary open system
EMP0611,Robert Burns,51,"1405 Robert Parkway Suite 818, North Lindamouth, ID 50570",(210)596-0596x1328,Manager,9324613,2021-06-08,Logistics,Menikah,scottmurphy@turner-garner.com,Persevering transitional collaboration
EMP0612,Joseph Young,35,"85195 Thompson Parks Suite 167, Lake Angela, VT 45380",844.697.7166x2807,Coordinator,16403284,2020-10-09,Operations,Cerai,richard58@hotmail.com,Object-based bifurcated help-desk
EMP0613,Linda Richmond,51,"186 Crane Ranch, Julieburgh, UT 37630",+1-908-104-7123x878,Coordinator,9301836,2019-11-27,HR,Cerai,jeff88@hotmail.com,Organized transitional info-mediaries
EMP0614,Stephen Kim,48,"01537 Cline Row Apt. 164, Ralphberg, DE 99661",+1-161-535-2031,Consultant,3561130,2023-08-09,HR,Lajang,karentaylor@yahoo.com,Seamless hybrid time-frame
EMP0615,Elizabeth Nguyen,30,"PSC 0735, Box 0280, APO AA 77835",056-308-9140x7223,Technician,9878253,2017-10-01,HR,Cerai,xparsons@yahoo.com,Compatible fresh-thinking help-desk
EMP0616,David Pearson,57,"26262 Jennifer Mount Suite 143, Wallaceport, ID 20488",746-062-8418x752,Coordinator,15450720,2017-07-26,Operations,Menikah,dguzman@martin.com,Business-focused executive challenge
EMP0617,Sean Cooper,55,"54296 Warner Spurs, New Kristin, TX 17961",+1-594-466-9149,Coordinator,3127257,2018-09-04,Marketing,Cerai,annarodriguez@gmail.com,Networked dedicated service-desk
EMP0618,Timothy Jenkins,45,"3497 Timothy Streets, South Christopherbury, MT 40041",(381)766-0780,Coordinator,6443111,2020-03-18,Marketing,Cerai,vaughnmolly@gmail.com,Managed encompassing open system
EMP0619,Rebecca James,33,"1129 Renee Islands, Port Matthew, VT 96526",(961)634-5262,Analyst,19710514,2024-04-18,Finance,Cerai,kevin95@yahoo.com,Pre-emptive value-added monitoring
EMP0620,Paige Dickson,22,"41143 Carson Flats, South Sarahbury, RI 52072",054.798.8787,Technician,13485300,2022-02-17,Sales,Menikah,webbbobby@flores.com,Object-based value-added challenge
EMP0621,Jeffery Clements,28,"6261 Jennifer Meadows Apt. 522, New Gary, NH 86573",001-913-064-0222x361,Executive,12019098,2023-12-07,Logistics,Lajang,yharrell@rhodes.info,Visionary optimal definition
EMP0622,Elaine Hudson,59,"46542 Stewart Circles Apt. 899, Butlermouth, NE 08111",(966)615-3633x15807,Technician,6020335,2024-04-12,IT,Cerai,wmalone@weiss-roth.com,Ameliorated global time-frame
EMP0623,Greg Martin,53,"80009 Amy Throughway, Matthewston, IL 97991",1331353857,Consultant,3204266,2019-04-12,Logistics,Lajang,lorikemp@hotmail.com,Up-sized demand-driven migration
EMP0624,Joanne Higgins,50,"781 Chang Forges, Murilloburgh, IN 47929",(076)320-9773x9755,Analyst,14532906,2018-04-17,Finance,Lajang,jerry52@harvey.org,Expanded mobile moderator
EMP0625,Mark Anderson,39,"244 Nathan Passage Apt. 617, Michaelstad, CA 49158",001-197-542-4408x8675,Executive,15633633,2017-12-10,Finance,Lajang,samuel16@townsend-doyle.com,Down-sized secondary leverage
EMP0626,Heidi Harvey,25,"718 Kenneth Springs, Anthonyfort, WY 20051",+1-374-846-8028x79893,Analyst,14708454,2018-04-25,HR,Cerai,alexanderflores@hotmail.com,Virtual user-facing algorithm
EMP0627,Donna Moss,53,"USCGC Ware, FPO AE 11680",566.387.3459x8772,Manager,15350215,2024-02-26,Finance,Menikah,ginahunter@yahoo.com,Visionary didactic leverage
EMP0628,Michael Garcia,34,"299 Frank Throughway, North Robertton, NJ 87096",671-121-5033,Assistant,19506914,2023-05-01,Sales,Lajang,williszachary@wood-love.com,Multi-tiered non-volatile process improvement
EMP0629,Tyler Turner,26,"3008 Kristina Branch Suite 472, Chavezmouth, WA 17400",884-251-5511x9083,Coordinator,16810981,2019-05-22,HR,Cerai,johnsondarius@coleman.com,Future-proofed even-keeled capacity
EMP0630,Johnny Hahn,44,"USCGC Goodwin, FPO AA 51903",(936)252-5832x970,Coordinator,3168317,2023-04-07,HR,Cerai,tiffanyaguirre@hotmail.com,Grass-roots directional secured line
EMP0631,Antonio Morton,57,"6592 Shannon Route Suite 904, West Stephen, AK 11020",001-597-357-3831x943,Consultant,5647296,2015-08-25,HR,Cerai,ucoleman@fischer.com,Enterprise-wide holistic access
EMP0632,Hannah Schmidt,27,"59833 Brandon Mountains, Stevenstown, TX 17722",001-920-161-0636,Assistant,16125617,2016-11-08,HR,Menikah,jaclyn44@hotmail.com,Switchable homogeneous benchmark
EMP0633,Megan Stafford,43,"55579 Earl Forge, East Emilyport, NC 65005",930-937-4583x74966,Assistant,4885505,2016-11-20,Sales,Cerai,seanferguson@ballard.com,Organic stable algorithm
EMP0634,Joseph Frazier,34,"25611 Megan Flat Apt. 579, Thompsonbury, MT 46106",999-861-1193x6025,Manager,4605487,2016-10-07,Operations,Lajang,rcollins@yahoo.com,Persistent client-server matrices
EMP0635,Edward Roach DDS,33,"99291 Erica Ridges, Middletonville, VA 66071",690-694-9787x2424,Analyst,12013642,2021-08-30,Finance,Menikah,pfreeman@davis.com,Reverse-engineered impactful moderator
EMP0636,Jacqueline Monroe,29,"5522 Mccullough Walk, Nathanbury, KS 49814",962.942.0038,Executive,15911872,2021-09-25,Sales,Lajang,matthew58@yahoo.com,User-friendly secondary Internet solution
EMP0637,John Pena DDS,32,"582 James Locks Apt. 790, Smithberg, DE 76948",375.624.7548,Technician,9249499,2018-07-20,Marketing,Menikah,thomas12@richmond.com,Realigned analyzing implementation
EMP0638,Nancy Guzman PhD,46,"0781 Kristen Spurs, East Daniel, TN 97036",001-250-152-8925x6322,Technician,6082158,2024-03-13,Sales,Lajang,mollyjohnson@gmail.com,Upgradable local info-mediaries
EMP0639,Susan Edwards,41,"97078 Kevin Junctions Suite 209, New Garyborough, OK 29285",(716)320-8636x1439,Coordinator,9158700,2016-03-10,Sales,Cerai,garnerdavid@frey.com,Multi-tiered contextually-based monitoring
EMP0640,Thomas Whitaker,29,"97300 Weber Manor Apt. 820, South Ethanview, CA 44043",(116)693-4829x6533,Consultant,12772501,2016-09-28,HR,Lajang,gavincollins@novak-flynn.org,Integrated web-enabled focus group
EMP0641,Margaret Carr,27,"Unit 8076 Box 1485, DPO AP 37719",(321)976-3031x727,Executive,3312440,2024-04-10,Finance,Lajang,fwilcox@johnson-ray.com,Compatible heuristic strategy
EMP0642,Courtney Ramos,25,"4000 Roy Meadows, Port Susanfort, RI 34797",001-279-172-0150,Consultant,11278846,2016-07-10,Sales,Menikah,gabriel16@cannon.biz,Versatile tangible process improvement
EMP0643,Brett Howell,47,"85896 Reynolds Cliffs Suite 441, Lake Haley, CO 58817",(944)295-2900x93650,Consultant,15823822,2018-01-25,Logistics,Lajang,nguyenrobert@morales-morton.info,Re-engineered value-added core
EMP0644,Mrs. Laura Taylor DVM,25,"93738 Megan Station Apt. 291, West Gregory, LA 31473",395-199-0073x583,Manager,12573938,2020-02-03,Sales,Menikah,josephdyer@arnold.org,Cloned modular software
EMP0645,Nicole Walsh,28,"PSC 9754, Box 9269, APO AP 24789",001-603-553-9987x61024,Manager,7430397,2014-12-16,Finance,Cerai,eweiss@kelly.com,Reverse-engineered optimal access
EMP0646,William Burgess,56,"77830 Smith Lodge, Williamsport, GA 35053",+1-363-563-3467,Executive,9620498,2019-01-01,Marketing,Menikah,sflores@hotmail.com,Up-sized interactive process improvement
EMP0647,Nicole Phillips,37,"351 Smith Shores, Lambertshire, DC 07538",775.941.0604x02521,Consultant,9705145,2017-04-11,Logistics,Cerai,mwilson@bentley-castro.com,Focused uniform utilization
EMP0648,Jonathan Wilson,41,"6510 Nolan Squares Apt. 686, Mcgeeside, ID 25857",(347)342-6590x2084,Coordinator,6539655,2023-07-16,Finance,Menikah,kimberly63@yahoo.com,Synchronized eco-centric archive
EMP0649,Kathy Sullivan,55,"44759 Rodney Trace Apt. 394, Katherineberg, MT 99828",773.414.7124,Coordinator,6575813,2016-12-31,HR,Cerai,wduncan@hotmail.com,Total well-modulated budgetary management
EMP0650,Vickie Herman,35,"841 Evan Burg Suite 199, Sherrytown, WI 43236",425.966.8718x9792,Technician,6950269,2021-11-17,Logistics,Menikah,santosanthony@lewis-bennett.com,Front-line zero tolerance website
EMP0651,Stefanie Smith,49,"2538 Charles Underpass, Leeshire, WY 63497",261.697.3228x5396,Technician,7081845,2018-05-03,Operations,Cerai,laurabeard@gmail.com,Optimized 5thgeneration frame
EMP0652,Christopher Davis,48,"204 Jennifer Corners Apt. 500, Juliefort, CO 04185",533.941.9446x5369,Consultant,12239727,2024-02-24,Operations,Lajang,williamsguy@gmail.com,Synergistic zero tolerance access
EMP0653,Mary Davis,54,"USS Murphy, FPO AP 37428",+1-686-462-9522,Analyst,6094511,2016-08-15,Logistics,Cerai,jonpowell@lynch.com,Fully-configurable contextually-based initiative
EMP0654,Gary Burnett,32,"035 Andersen Falls, Beckshire, HI 30210",(363)220-2921x1710,Executive,16152203,2020-08-21,Operations,Menikah,andreagibbs@rivera.info,Managed tertiary info-mediaries
EMP0655,Zachary Clark,51,"566 Douglas Trail, Patrickmouth, AZ 84225",+1-019-430-3471,Assistant,19575076,2024-04-05,HR,Lajang,eric65@gmail.com,Organized 24/7 leverage
EMP0656,Brian Patterson,53,"9092 Nancy Place Apt. 294, New Ronald, TN 48344",001-474-009-4234x0452,Consultant,17740105,2023-02-11,Sales,Lajang,lisa77@perry-goodman.com,Streamlined 6thgeneration Graphic Interface
EMP0657,Tina Henson,48,"0609 Davis Rapid Apt. 911, South Brandy, SC 96708",(066)190-5604x74930,Technician,5055415,2024-02-04,Logistics,Lajang,fhouston@hotmail.com,Enhanced well-modulated collaboration
EMP0658,Fernando Friedman,53,"19418 Peck Brook, North Ann, MN 75161",741-605-9987x51524,Assistant,13718570,2015-08-27,Finance,Lajang,evelynturner@travis.com,Reactive analyzing strategy
EMP0659,Scott Faulkner,51,"821 Hernandez Vista, Brownview, HI 52032",021.560.8493x546,Manager,12842893,2015-07-20,Logistics,Lajang,gregory12@campbell.com,Phased methodical secured line
EMP0660,Virginia Moore,55,"06538 Smith Overpass Apt. 084, West Melanie, DC 51345",523-371-1168,Manager,9194615,2018-07-20,Marketing,Menikah,patrick70@clarke.com,Grass-roots content-based Graphic Interface
EMP0661,Curtis Ford,32,"PSC 8573, Box 0331, APO AA 88335",001-235-169-6425x0089,Technician,16981074,2016-08-23,Logistics,Menikah,dennisquinn@gomez.com,Triple-buffered eco-centric ability
EMP0662,Christopher Jimenez,51,"316 Christopher Causeway Suite 131, East Julie, IN 88838",001-398-464-6079x542,Coordinator,15147010,2017-04-17,Operations,Menikah,allisonelliott@gmail.com,User-centric zero-defect productivity
EMP0663,Ashley Jones,24,"525 Maxwell Street Suite 866, West Christian, KY 24729",1222969016,Assistant,10139514,2015-05-29,HR,Lajang,davisruth@hart.org,Pre-emptive dynamic standardization
EMP0664,Amber Fernandez,24,"1446 Buckley Valleys Apt. 443, North Albertview, MS 55812",(701)116-0641x755,Analyst,17478352,2022-07-02,Marketing,Cerai,george94@gmail.com,Upgradable 24hour capacity
EMP0665,Raymond Chung,47,"807 Wendy Landing, Debrahaven, NH 81010",214-765-5575x08590,Coordinator,9048712,2015-06-04,Logistics,Lajang,ihaas@yahoo.com,Mandatory even-keeled functionalities
EMP0666,Holly Simpson,27,"50306 Baker Vista Apt. 402, Estradaton, LA 92333",162-179-5297x966,Assistant,4944165,2016-04-04,Marketing,Menikah,elizabethfisher@yahoo.com,Diverse multimedia product
EMP0667,Denise Conner,41,"996 Sara River, Lake Courtney, NV 68519",(987)211-6867x93110,Analyst,7936537,2021-07-23,Operations,Cerai,hburgess@hotmail.com,Secured secondary forecast
EMP0668,Rachael Foster,35,"USCGC Stevens, FPO AE 38211",260-864-8734x6110,Coordinator,10611403,2019-08-04,Finance,Cerai,carsonwilliam@gmail.com,Compatible zero administration firmware
EMP0669,Matthew Wells,58,"304 Morgan Ramp, Christopherfort, MD 17937",001-929-184-8209,Manager,14537705,2017-05-27,Marketing,Lajang,sstevens@hotmail.com,Virtual real-time forecast
EMP0670,Cindy Estes,33,"520 Michael Cove Apt. 354, East Seanbury, NE 91130",+1-977-665-0335x91761,Executive,5292894,2020-09-27,HR,Lajang,qirwin@martinez.com,Profit-focused global middleware
EMP0671,Jonathan Russell,59,"8753 Morrow Roads Suite 400, Martinezberg, RI 33020",(648)761-0443x966,Coordinator,15947584,2019-11-07,Marketing,Lajang,peterskatie@mcguire.com,Devolved explicit artificial intelligence
EMP0672,Samantha Watkins,50,"38082 Morrison Groves, South Matthew, MD 44598",+1-617-986-7044x29347,Assistant,3719497,2017-10-26,HR,Menikah,jesse44@murphy.org,Right-sized content-based encoding
EMP0673,James Perez,27,"1540 Barbara Roads Suite 418, Lisastad, IL 41143",001-726-750-7268,Consultant,8955857,2018-01-27,Operations,Lajang,matthewsanders@martin.net,Expanded disintermediate system engine
EMP0674,Courtney Johnson,38,"631 Keith Unions Apt. 543, Sandersburgh, AZ 08491",314.696.6270,Assistant,13841193,2022-05-21,Finance,Menikah,bmonroe@jackson.info,Programmable static protocol
EMP0675,Victor Smith,49,"536 Smith Vista Apt. 947, Port Erictown, KS 77370",252-437-5291,Executive,11518018,2019-03-04,HR,Lajang,xnielsen@hotmail.com,Face-to-face web-enabled complexity
EMP0676,Matthew Morgan,37,"7899 Thompson Pines, Toddstad, MO 17354",001-425-107-8658x03839,Executive,5920272,2024-04-13,HR,Cerai,tracygonzales@price-bryant.info,Decentralized reciprocal frame
EMP0677,Brittany Ruiz,35,"051 Gonzales Estates Apt. 918, Jessicastad, VT 34775",479-664-2608x740,Technician,3961997,2017-06-03,Marketing,Cerai,sbradford@orozco.com,Cross-group high-level concept
EMP0678,Allison Harper,35,"51033 Katherine Manors, New Joy, MS 40720",001-269-386-6072,Analyst,3645883,2022-01-15,Logistics,Lajang,fsullivan@williamson.com,Virtual leadingedge contingency
EMP0679,Christina Jones,42,"Unit 2093 Box 1102, DPO AP 84019",1805221521,Coordinator,17999325,2023-12-19,IT,Menikah,leonardlee@hotmail.com,Compatible systematic complexity
EMP0680,Derek Stone,22,"1295 Coleman Trail Suite 624, Joshuaside, VT 49214",+1-962-285-7707x588,Coordinator,9555219,2024-04-08,Sales,Cerai,ltaylor@gmail.com,Secured incremental encoding
EMP0681,Tammy Cunningham,57,"11931 Stanley Parks, East Jonberg, MO 57030",+1-047-916-7241x4287,Assistant,11331106,2021-02-24,IT,Lajang,crystal80@larson.net,Visionary mission-critical pricing structure
EMP0682,Michelle Marshall,40,"942 Patterson Pike Apt. 911, Port Michaelshire, GA 61246",7324306743,Manager,9554133,2023-12-13,Logistics,Lajang,ramoscody@scott.info,Face-to-face leadingedge process improvement
EMP0683,Faith Garcia,58,"7414 Angela Station, Nelsonland, IL 12624",2240657050,Consultant,6633693,2022-09-24,Finance,Lajang,arangel@gmail.com,Synchronized composite forecast
EMP0684,Amanda Davis,22,"24534 Wang Stravenue, New Katelyn, TN 26006",(428)518-3709x750,Consultant,10588095,2023-06-15,Operations,Menikah,gonzalezjacqueline@yahoo.com,Balanced logistical installation
EMP0685,Alexander Franklin,26,"27507 Cobb Expressway, North Leonardview, OK 37995",869.584.7398x0726,Technician,6466548,2024-08-14,IT,Lajang,woodstina@gmail.com,Synergized static hierarchy
EMP0686,Brian Becker,30,"62856 Debra Avenue Suite 782, Breannaview, NH 41486",519-985-9453,Manager,13320694,2020-11-16,IT,Menikah,michaelhernandez@ortiz.org,Multi-layered background access
EMP0687,Jennifer Campbell,28,"8558 Mcgee Ways Suite 748, Jeffreyside, OK 84402",018-817-6012x7450,Manager,19140707,2015-12-13,Sales,Cerai,lclark@yahoo.com,Universal multi-state contingency
EMP0688,Erin Harper,54,"2879 Lauren Mountains Suite 625, New Kimberly, PA 46931",001-182-123-3233,Manager,3552247,2020-04-26,IT,Lajang,garciamelissa@hotmail.com,Decentralized systemic frame
EMP0689,Emily Harris,32,"PSC 7765, Box 6005, APO AP 45590",213-381-9708x610,Manager,10281545,2024-11-14,Operations,Lajang,kimberlyharris@hotmail.com,Grass-roots actuating encoding
EMP0690,Lisa Carroll,28,"PSC 7538, Box 2867, APO AP 50732",678-601-5063x462,Technician,6708442,2017-09-19,IT,Lajang,bakerlaura@gmail.com,Universal 6thgeneration info-mediaries
EMP0691,Lisa Brown,30,"56813 Ramirez Ports, South Josephmouth, WI 74925",+1-522-647-5333x8633,Consultant,6585632,2016-08-25,Sales,Cerai,waltersbrittney@gmail.com,Visionary modular migration
EMP0692,Jesus Pierce,58,"3272 Vaughn Parkway Apt. 109, Mariabury, ME 28339",+1-199-136-4078,Assistant,16528609,2019-09-28,Operations,Lajang,sherrymaldonado@sandoval.com,Up-sized content-based system engine
EMP0693,Greg Garcia,55,"Unit 0381 Box 3358, DPO AE 35689",554-634-9058,Analyst,10666640,2017-04-22,Sales,Menikah,kristinsmith@lamb.com,Reverse-engineered context-sensitive customer loyalty
EMP0694,Summer Harrell,40,"306 Reynolds Port, North Davidstad, UT 81262",(447)522-4991x4989,Analyst,8872646,2019-11-15,Marketing,Lajang,mark94@gmail.com,Sharable holistic ability
EMP0695,Mark Nielsen,55,"744 Mary Highway Apt. 625, Smithburgh, NV 67096",(279)669-1488x46744,Analyst,18031200,2015-01-23,Logistics,Menikah,wrightwilliam@yahoo.com,Networked value-added productivity
EMP0696,Ethan Jackson,34,"232 Lisa Falls Apt. 959, Tylermouth, SD 15406",(837)794-1955,Executive,8939144,2019-03-12,HR,Lajang,jasonsawyer@roberts-lewis.com,Profound systematic challenge
EMP0697,Steven Allen,43,"077 Wilson Knolls Apt. 023, Martinstad, UT 44597",(617)080-7891x9793,Executive,18567566,2023-05-04,Sales,Lajang,kclark@james.com,Up-sized transitional adapter
EMP0698,Dave Taylor,37,"868 Christopher Trail, Bennettstad, KY 27785",835.939.3984,Executive,6398323,2020-06-08,Marketing,Menikah,richard74@gmail.com,Multi-layered impactful knowledgebase
EMP0699,Shannon Moore MD,53,"8188 Roger Ford, Jesseton, NH 37319",374.546.3824x6839,Technician,8987563,2021-09-08,Finance,Cerai,veronicagarcia@hotmail.com,Expanded composite access
EMP0700,Kevin Black,39,"950 Holland Trafficway, East Mary, TX 91440",001-303-898-0169,Coordinator,16067981,2022-03-04,Finance,Cerai,daisy79@cohen-jordan.com,Stand-alone bottom-line circuit
EMP0701,Amber Rivera,57,"37552 Catherine Valleys Apt. 626, Port Robertstad, OH 37346",226.316.8008,Coordinator,15460693,2023-04-12,HR,Menikah,michelle20@gates.com,Managed demand-driven access
EMP0702,Caitlin Simpson,58,"466 Flores Trafficway Apt. 613, Stacyside, WA 48089",(874)915-1280x172,Technician,14056314,2016-12-25,Logistics,Lajang,maldonadonancy@flynn.com,Function-based 24hour throughput
EMP0703,George Hoffman,45,"0585 Thomas Greens Suite 931, East Kaitlyn, IN 78362",465-136-0858x209,Coordinator,8321421,2019-03-31,Sales,Lajang,patrickharris@hotmail.com,Optional coherent projection
EMP0704,Wesley Harding,50,"4854 Fernando Stravenue Suite 691, South Richard, WV 24416",006-319-4217x82351,Executive,8490826,2020-12-15,Operations,Lajang,fgarcia@strickland.org,Distributed bottom-line complexity
EMP0705,Amy Cook,55,"106 Johnson Roads, East Benjamin, ND 47537",154-916-7895x900,Assistant,7917746,2016-09-12,Marketing,Cerai,stephanie12@yahoo.com,Visionary analyzing Graphic Interface
EMP0706,Brittany Clark,39,"1633 Larry Spur Apt. 972, Lake Wendy, MO 86641",+1-848-338-4439,Executive,5365948,2023-02-16,Finance,Menikah,jason29@davis-jones.com,Profound zero-defect orchestration
EMP0707,Richard Gomez,56,"Unit 2540 Box 6381, DPO AP 66898",+1-112-941-5383x67425,Assistant,18732505,2022-08-05,Logistics,Lajang,pagevictoria@rodriguez-berry.com,Decentralized 24/7 forecast
EMP0708,Amber Brown,34,"235 Theresa Prairie Apt. 595, East Katherine, MN 68829",+1-097-562-5611x164,Technician,12893324,2016-05-25,Operations,Menikah,deborahlynch@contreras.com,Extended leadingedge portal
EMP0709,Steven Palmer,28,"247 Kaitlin Overpass Suite 057, New Kathrynfort, VT 83997",370.897.9134x882,Manager,12693579,2022-12-22,IT,Menikah,pallen@yahoo.com,Public-key tertiary capability
EMP0710,Caleb Brandt,59,"7282 Andrew Estates, South Antonio, KS 63044",(471)769-6981x4314,Executive,15215286,2021-04-29,Sales,Menikah,leebrian@beck-garcia.info,Front-line impactful encoding
EMP0711,Timothy Acevedo,26,"50662 Wilson Plains Suite 976, Mitchellview, MI 11866",001-445-406-9214,Coordinator,4546290,2023-04-25,Finance,Menikah,kaylee83@hotmail.com,Open-architected logistical secured line
EMP0712,Steven Jones,42,"066 Duarte Junction Suite 146, West Kenneth, VT 31366",(386)323-1785x4463,Executive,5234639,2023-08-07,IT,Lajang,robertpowell@woodard.biz,Compatible didactic toolset
EMP0713,Jeffrey Hill,30,"94356 Anderson Valleys Apt. 344, Peterchester, IA 55932",005-208-0594,Analyst,7268350,2017-04-19,Sales,Menikah,carrillokevin@sharp.com,Triple-buffered web-enabled initiative
EMP0714,Daniel Benton,53,"623 Franklin Circle, West Henryburgh, GA 38529",(770)521-0471x621,Technician,7975598,2020-08-04,Sales,Cerai,justin99@walton.com,Reactive next generation leverage
EMP0715,Steven Browning,45,"904 Karen Fall Suite 825, Michaelfort, UT 14935",977-079-6066x581,Analyst,8472294,2022-09-12,IT,Menikah,eelliott@gmail.com,Versatile incremental moderator
EMP0716,Christopher Fry,26,"4658 Walker Via Apt. 218, Lake Ryan, WI 84212",661-005-5245x307,Technician,12601200,2022-12-22,Finance,Lajang,sean02@howard.com,Customizable zero-defect middleware
EMP0717,Alan Daniels,52,"8246 Mcgee Motorway, Saraborough, PA 43345",428.160.1096x741,Consultant,4754249,2024-07-10,Sales,Menikah,hesterbruce@jackson.biz,Mandatory high-level support
EMP0718,Donald Carpenter,48,"6028 Goodwin Pike Suite 144, Laurenview, MD 15678",(195)981-4270x1111,Coordinator,15183248,2021-05-25,HR,Cerai,collinsvincent@yahoo.com,Operative 5thgeneration process improvement
EMP0719,Brandon Freeman,27,"USNS Harris, FPO AA 92968",+1-724-463-8564x35309,Coordinator,15857527,2024-11-12,IT,Cerai,tanyadiaz@gmail.com,Adaptive high-level time-frame
EMP0720,Robin George,28,"60962 Richardson Crossing Suite 812, East Edwin, NJ 09776",910.796.2910x2619,Analyst,10777747,2019-10-11,Finance,Menikah,robert74@yahoo.com,Enterprise-wide demand-driven adapter
EMP0721,Jaclyn Keith,29,"939 Davis Plain, North Joseph, DE 34898",+1-972-020-4141x169,Technician,5315911,2023-02-20,Operations,Menikah,robertrush@hotmail.com,Quality-focused 4thgeneration definition
EMP0722,Benjamin Garcia,31,"19168 Griffin Mountains Apt. 505, Powellton, NH 63187",(566)663-5176,Coordinator,6594217,2016-08-06,HR,Lajang,dbaker@yahoo.com,Re-contextualized grid-enabled forecast
EMP0723,Courtney Roberts,50,"713 Gould Stravenue, South Brianaview, TX 38503",404-881-3218x35983,Executive,14286775,2017-05-29,IT,Cerai,lisa96@henderson-newman.com,Quality-focused transitional functionalities
EMP0724,Tara Mora,48,"Unit 5827 Box 5650, DPO AA 55964",6393328088,Assistant,8404312,2021-05-04,Logistics,Cerai,fryphyllis@barron.info,Down-sized intangible matrices
EMP0725,Jennifer Glover,41,"114 Li Island, West Elizabethberg, VT 63226",(028)293-0733,Consultant,16867132,2014-12-01,Sales,Lajang,mdennis@aguilar.com,Re-contextualized bi-directional capacity
EMP0726,Kathleen Williams,52,"929 Stephen Village Suite 557, East Anna, AZ 45227",+1-148-050-6864x4682,Technician,15500650,2021-03-13,Marketing,Cerai,lisa32@yahoo.com,Face-to-face attitude-oriented forecast
EMP0727,Daniel Pena,55,"431 Olson Pine Suite 766, Brittanystad, SC 44022",(009)826-4664,Manager,3797841,2018-11-04,HR,Cerai,jose08@stokes-oliver.info,Face-to-face multimedia policy
EMP0728,Nancy Cochran,29,"6386 Cunningham Crescent, Brandonfurt, NH 52028",(864)501-3833x25894,Technician,8918963,2023-06-28,HR,Menikah,donna85@blair.com,Fundamental tangible paradigm
EMP0729,Kaylee Wood,48,"6187 Wagner Glen, Whitefurt, MS 05357",+1-460-163-1352x4091,Executive,9777901,2020-06-11,Finance,Cerai,steven45@warner.info,Customizable radical contingency
EMP0730,Ann Wilcox MD,44,"USS Martin, FPO AA 83837",(079)481-5005x00581,Coordinator,4532974,2023-12-11,Operations,Menikah,powerssusan@yahoo.com,Ergonomic didactic interface
EMP0731,Brianna Houston,39,"451 Price Falls, West Kristina, NY 93531",100-903-3477,Manager,12495725,2015-03-25,Finance,Lajang,jim95@johnson-coleman.info,Synergized bandwidth-monitored database
EMP0732,David King,51,"135 Waters Parkways, Marybury, SC 50408",(918)032-3452x3089,Executive,14436504,2014-12-23,Operations,Cerai,ubond@yahoo.com,Distributed client-server instruction set
EMP0733,Dennis Whitaker,60,"USNV Freeman, FPO AA 01738",001-764-653-1904,Manager,5323375,2019-03-16,HR,Lajang,pacekatherine@gmail.com,Assimilated background hub
EMP0734,Henry Crawford,22,"412 Catherine Underpass, Port Heatherside, TX 86108",472-375-4248x85297,Executive,13859981,2020-12-11,Operations,Lajang,michael18@yahoo.com,Re-contextualized 6thgeneration contingency
EMP0735,Heather Anderson,42,"PSC 5671, Box 7453, APO AE 09499",(579)771-1118,Technician,13763724,2015-09-27,HR,Lajang,karencollins@jenkins.com,Proactive needs-based knowledgebase
EMP0736,Michael Wilson,49,"02711 Adrienne Plains Suite 707, Lauraville, NC 16113",001-508-817-2183x179,Consultant,11010006,2020-10-15,Sales,Cerai,brownriley@williams-logan.com,Networked web-enabled access
EMP0737,Ryan Brown,45,"15758 Peterson Village, Lake Stephen, CT 32300",357-000-8895x7764,Coordinator,5316387,2017-04-25,IT,Cerai,mpalmer@gmail.com,Cloned optimal open architecture
EMP0738,Ruth Francis,34,"5310 George Spur Apt. 075, New Steven, AZ 43048",542-004-5706x044,Coordinator,8525681,2016-10-07,Finance,Menikah,ubrewer@hall.com,Configurable client-driven policy
EMP0739,Craig Crawford,52,"9818 Jeffrey Stream Suite 022, Lake Jamesstad, PA 18026",001-513-215-7748x592,Analyst,17470705,2021-05-16,Marketing,Menikah,powersmelissa@smith.net,Extended methodical migration
EMP0740,Bobby Smith,31,"97168 Brenda Flats Apt. 151, South Amybury, IL 06943",484.585.0197,Consultant,14934847,2024-03-08,Finance,Lajang,joseph44@aguirre-williams.com,Up-sized fresh-thinking focus group
EMP0741,Michelle Davis,34,"8063 Doris Cove, Lake Marisaborough, TN 47641",+1-256-648-2864x057,Consultant,9450575,2015-03-11,Finance,Menikah,kristi22@hotmail.com,Monitored composite orchestration
EMP0742,Kristopher Bowers,32,"5532 John Lock Suite 371, New Nathanielburgh, DC 97599",(211)799-8680x927,Executive,11247027,2023-06-16,Finance,Menikah,doughertycharles@hotmail.com,Pre-emptive real-time task-force
EMP0743,Ryan Howard,27,"USNS Schneider, FPO AE 52871",(764)752-6557x2545,Executive,18797640,2017-11-01,Logistics,Cerai,zacharyschmidt@lindsey.biz,Visionary non-volatile moderator
EMP0744,Danielle Hart,60,"805 Ross Junction, Port Sandrabury, MA 88402",+1-625-198-6511x527,Executive,17055469,2022-08-21,Logistics,Cerai,bjackson@richardson.com,Open-source national success
EMP0745,Anthony Schroeder,44,"946 Julie Course, East Jesus, AR 33997",722.663.8680,Executive,15323023,2019-01-09,HR,Cerai,zfoley@gmail.com,Configurable contextually-based parallelism
EMP0746,David Soto,28,"6214 Hernandez Crescent, Port Martin, MS 49558",(338)468-1555,Consultant,7386429,2016-06-03,IT,Cerai,samanthamedina@hotmail.com,Universal empowering architecture
EMP0747,Jason Garcia,56,"643 Dylan Circles Apt. 149, Ericaville, ME 32224",539-976-2054,Assistant,18716318,2021-10-03,Marketing,Cerai,fmooney@yahoo.com,Synergistic systemic encryption
EMP0748,Angel Johnson,30,"702 Jennifer Coves, East Catherine, AZ 28929",(579)537-7124,Assistant,8258772,2019-10-04,Marketing,Cerai,hayesstephanie@hotmail.com,Streamlined 3rdgeneration strategy
EMP0749,Juan Beck,50,"PSC 1985, Box 0104, APO AP 49770",384.678.7807x09254,Consultant,17374266,2024-01-20,Marketing,Menikah,yorkdean@hotmail.com,Progressive reciprocal neural-net
EMP0750,Teresa Brown,22,"919 Valerie Manors, West Mariatown, IA 99772",333.841.7916x5579,Analyst,13058692,2018-09-26,Operations,Lajang,stevensjeff@hotmail.com,Self-enabling neutral algorithm
EMP0751,Wendy Ruiz,59,"5562 April Bypass Apt. 636, Michelleburgh, NJ 96204",485.399.3354,Consultant,12137498,2019-03-17,Operations,Cerai,uanderson@salinas.com,Synergistic user-facing customer loyalty
EMP0752,Jason Gould,51,"60191 Gina Bypass Suite 177, Port Julie, DC 49686",816-191-4209x464,Assistant,3100023,2023-05-31,HR,Cerai,jason27@griffin.biz,User-friendly directional monitoring
EMP0753,Mr. Stephen Foster,43,"40012 Jeffrey Ranch Apt. 025, Jenkinsville, CA 07727",626-561-7963x11549,Consultant,8281626,2021-07-24,HR,Menikah,christopherward@gmail.com,Fully-configurable intangible function
EMP0754,Daniel Mcclain,37,"53620 Margaret Cliffs, North Timothy, IL 34655",420-113-7817x7134,Analyst,17079027,2021-10-21,Finance,Menikah,harristhomas@kidd.com,Front-line attitude-oriented standardization
EMP0755,Joshua Sanchez,60,"31404 Kevin Port Suite 275, East Andrewchester, AK 57543",910.228.8759x549,Consultant,6747803,2018-05-29,Logistics,Cerai,hernandezelizabeth@hansen.biz,Open-architected reciprocal moratorium
EMP0756,Kimberly Summers,26,"663 Todd Isle Suite 878, Kennethhaven, IA 29956",(956)050-4349x5656,Coordinator,12789608,2024-08-19,HR,Menikah,murphymatthew@hotmail.com,Multi-lateral 4thgeneration knowledge user
EMP0757,David Ross,59,"001 William Pass Apt. 603, Chambersfurt, IN 11773",8495152774,Analyst,15684081,2017-12-05,IT,Lajang,leonardstrickland@yahoo.com,Open-source transitional contingency
EMP0758,Anna Davis,54,"76837 Jones Field Apt. 322, Port Barbara, RI 23141",+1-723-194-7818x0716,Analyst,10378005,2016-09-01,HR,Lajang,kathleen17@yahoo.com,Diverse homogeneous functionalities
EMP0759,Karen Henderson,59,"445 Hensley Crossroad Suite 559, Gomezland, WA 01896",(789)597-9266x128,Technician,17410679,2021-09-29,Sales,Menikah,andrew38@hotmail.com,Down-sized clear-thinking knowledgebase
EMP0760,Alyssa Ellis,49,"851 Camacho Prairie, Petersonhaven, NH 54102",781.787.8539x528,Technician,17868102,2020-02-22,Sales,Cerai,zwilson@gardner.org,Business-focused asymmetric parallelism
EMP0761,Joy Sullivan,60,"760 Ross Spur Suite 899, Whitneyfurt, WV 72076",134.230.0180,Technician,5569271,2019-11-01,HR,Lajang,simmonsmegan@hotmail.com,Re-contextualized actuating frame
EMP0762,Deborah Tucker,46,"92885 Lisa Spurs Suite 125, West Ronald, IN 66009",339.442.9642x29928,Analyst,4244976,2019-09-20,Logistics,Cerai,thomasmelinda@rivas.com,Automated homogeneous leverage
EMP0763,Philip Gross,46,"PSC 0222, Box 3461, APO AE 05113",001-776-781-3932x2332,Analyst,19137511,2019-02-10,Finance,Menikah,josephperry@berg-herrera.net,Grass-roots even-keeled encoding
EMP0764,Nancy Wolfe,26,"09381 Kimberly Mount Suite 736, South Michael, WY 03814",398.482.7188x1548,Executive,11161313,2023-05-26,HR,Lajang,umorgan@gmail.com,Phased zero-defect throughput
EMP0765,Heather Robertson,38,"PSC 1679, Box 3312, APO AP 77655",+1-958-285-3434x3131,Manager,9631957,2016-12-06,IT,Cerai,welchkurt@fowler-maxwell.info,Total hybrid migration
EMP0766,Christopher Estrada,33,"75159 Kellie Fords Suite 578, Lake Brettshire, NH 83012",+1-047-452-7776x9302,Analyst,17279100,2022-06-26,Marketing,Cerai,obanks@brown.com,Open-source regional data-warehouse
EMP0767,Matthew Smith,34,"51631 Gordon Flats, Waltonport, VA 20713",2727889047,Executive,15464762,2016-10-02,Sales,Lajang,joseph06@hotmail.com,Ergonomic modular leverage
EMP0768,Christopher Stewart,52,"611 Jacqueline Lodge Suite 860, West Jessicatown, KY 30119",(138)268-4344,Technician,5405357,2023-01-18,Sales,Lajang,wallkimberly@yahoo.com,Re-engineered 3rdgeneration Internet solution
EMP0769,Tammy Matthews,51,"3979 Keith Inlet, Hansonhaven, MO 74433",001-165-105-7343x3621,Assistant,11398432,2020-09-15,Logistics,Cerai,catherinevargas@henderson-davis.com,Visionary needs-based intranet
EMP0770,Andrew Lam,35,"6895 Wesley Squares Apt. 331, Sharonmouth, OK 72727",001-497-898-7076x7435,Manager,14739905,2023-06-03,IT,Cerai,christophertaylor@bernard-vargas.biz,Open-architected solution-oriented hub
EMP0771,Terry Davies,38,"93791 Timothy Ports, East Lucas, CO 42453",024.066.5623,Coordinator,17349659,2017-03-04,IT,Cerai,tiffany69@watson.com,Grass-roots 24hour structure
EMP0772,Toni Brooks,55,"Unit 5994 Box 2055, DPO AA 29307",108.109.6124,Technician,6171068,2018-04-14,HR,Menikah,jennifer62@hernandez.org,Cross-group homogeneous definition
EMP0773,Ryan Morales,55,"USS Sutton, FPO AP 87029",343.996.2577x329,Executive,10671120,2017-04-02,Logistics,Lajang,joseph15@pierce.org,De-engineered tangible moratorium
EMP0774,Brenda Cabrera,54,"08650 Zachary Isle, South Davechester, IN 68386",(806)061-6036x763,Manager,4317700,2020-11-20,Marketing,Menikah,qavila@gmail.com,Reverse-engineered foreground implementation
EMP0775,Ashley Brown,60,"2211 Amber Island, Lake Heatherhaven, NE 18124",982-211-6556,Manager,14081059,2020-06-07,HR,Cerai,wilsonbilly@gmail.com,Grass-roots context-sensitive definition
EMP0776,Joshua Bailey,42,"83532 Bond Shores Suite 188, North Micheletown, HI 59952",0618552540,Executive,14014619,2018-05-19,IT,Cerai,yallen@gmail.com,Multi-lateral composite concept
EMP0777,Joseph Taylor,35,"86951 Williams Wells, South Lesliemouth, MI 97090",999.961.3491,Assistant,9442284,2019-10-01,Marketing,Menikah,johnsonmason@ray.com,Monitored foreground moderator
EMP0778,Corey Hale,45,"22471 Elizabeth Village Apt. 922, Martinezfurt, AK 19469",842.230.1316x77981,Technician,19099935,2016-03-05,Marketing,Menikah,lopezmichael@middleton.net,Diverse local alliance
EMP0779,Stephen Roberts,42,"45567 Matthew Views Apt. 998, Reginaberg, AZ 09810",5871206862,Analyst,5016388,2019-03-29,IT,Menikah,fthomas@yahoo.com,Innovative full-range firmware
EMP0780,John Fields,40,"6671 Williams Port, West John, MD 50813",874.755.2254,Assistant,14349291,2024-07-09,Operations,Menikah,hickscharles@sullivan.biz,De-engineered directional concept
EMP0781,Michael Stephens,22,"27395 Henderson Inlet Apt. 864, East Robertton, WV 74764",+1-635-501-9106x923,Assistant,13154800,2021-09-13,Marketing,Menikah,ksmith@gmail.com,De-engineered bandwidth-monitored framework
EMP0782,Clinton Houston,35,"92997 Tina Hills Apt. 341, South Elizabeth, WY 96674",805.969.6064x844,Manager,13451182,2016-10-31,Marketing,Menikah,usims@yahoo.com,Exclusive explicit paradigm
EMP0783,Frank Singh,57,"67272 Nelson Bridge Apt. 693, Matthewmouth, IN 23342",321-461-3985,Technician,7816484,2020-05-09,Sales,Lajang,jordan32@adkins.com,Upgradable optimizing approach
EMP0784,Karen Acosta,32,"425 Cody Expressway, New Brandistad, WA 96314",032-418-9253,Consultant,18497362,2015-07-25,Operations,Menikah,amy58@hotmail.com,Focused 4thgeneration challenge
EMP0785,Patricia Cohen,41,"4704 Elizabeth Rue Apt. 338, South Debra, OK 98630",001-730-660-1986x2254,Assistant,5888312,2019-09-12,Finance,Menikah,lvasquez@gmail.com,Persistent neutral process improvement
EMP0786,Jessica Cox,24,"PSC 8236, Box 6529, APO AP 12235",001-125-859-4616x432,Manager,18412284,2022-11-25,HR,Cerai,brivera@hotmail.com,Robust fresh-thinking interface
EMP0787,Diane Cordova,24,"40266 David Court, West Brenda, DE 03575",349-753-2767x4899,Assistant,13880100,2015-09-08,Sales,Lajang,jennifer84@yahoo.com,Diverse non-volatile pricing structure
EMP0788,Tammy Delacruz,56,"7957 Gonzalez Mews Apt. 031, Whiteland, CA 92978",678.706.1374,Analyst,18694266,2014-12-17,Sales,Lajang,taylorpaula@hotmail.com,Optional bottom-line database
EMP0789,Sarah Perez,47,"826 Simpson Walks Suite 634, Johnton, SD 63518",+1-147-111-0075,Executive,12741985,2023-02-11,Logistics,Cerai,crystal29@yahoo.com,Secured motivating conglomeration
EMP0790,Sheena Schmidt,51,"41171 Stewart Ports Apt. 491, Gonzalezmouth, SD 32306",(922)193-9269x052,Consultant,12412187,2016-12-09,Logistics,Menikah,john93@lopez-jones.org,Expanded solution-oriented capability
EMP0791,Stanley Nelson,51,"636 David Wells, Petersonstad, MI 78808",+1-829-914-3522x443,Executive,19936565,2015-03-06,HR,Cerai,patricia72@hotmail.com,Exclusive attitude-oriented help-desk
EMP0792,Carl Rogers,51,"222 Lynn Hills Suite 698, Hurleymouth, MO 89685",750.203.1513,Technician,11373375,2016-06-10,Logistics,Menikah,pblankenship@rose-barber.com,Assimilated encompassing matrix
EMP0793,Michele Marsh,41,"USS Jones, FPO AE 94745",847-168-2997,Coordinator,8866706,2018-05-26,HR,Cerai,michaelbrady@bennett.org,Function-based analyzing hierarchy
EMP0794,Reginald Atkins,23,"235 Kyle Summit Apt. 702, Heatherberg, MA 72399",+1-850-117-7939x8268,Coordinator,4361691,2015-03-02,Finance,Cerai,greentheresa@carpenter-alvarez.biz,Future-proofed homogeneous standardization
EMP0795,Nicholas French,57,"8721 Karen Mission, Port Emily, TN 24838",(111)851-4393,Manager,3075178,2021-07-06,Operations,Menikah,joshua44@obrien.com,Decentralized static contingency
EMP0796,Karina Drake,37,"035 Kim Way, South Jackson, NE 99829",1879832960,Technician,6951558,2018-03-23,Logistics,Menikah,tross@gmail.com,Balanced reciprocal approach
EMP0797,Jennifer Williams,24,"217 Tracy Inlet Suite 477, Silvashire, NV 59859",(595)492-9979,Technician,4843630,2019-10-30,Logistics,Menikah,camachokari@martinez.net,Profit-focused neutral solution
EMP0798,James Munoz,54,"048 Shelby River Suite 221, Kayleefort, CO 52155",083.268.0832,Executive,13402986,2018-09-04,IT,Lajang,glen25@yahoo.com,Optimized motivating throughput
EMP0799,Jason Montgomery,44,"29779 Bowen Parkways, Sotomouth, AL 92465",155-654-9478x19841,Technician,15638305,2022-07-24,Sales,Menikah,brian10@odonnell-thompson.com,Assimilated regional extranet
EMP0800,Luis Webb,50,"5199 Natalie Gateway, North James, HI 31112",670.465.2349x8396,Analyst,13364250,2024-11-14,HR,Cerai,vguerrero@woods-washington.com,Synergistic global array
EMP0801,Kristina Fox,38,"607 Sean Squares, Lake William, AR 30681",(460)237-4113x4017,Consultant,3989786,2021-05-04,Operations,Lajang,odixon@harris.com,Object-based maximized open architecture
EMP0802,Robert Solis,54,"1227 Martin Stream, Davisview, TX 72939",001-760-776-8989,Analyst,15092431,2020-08-13,IT,Menikah,cassandra17@gmail.com,Open-source discrete toolset
EMP0803,Mrs. Angela Henderson,51,"988 Oneill Manors Apt. 638, Jameschester, MT 35400",7912801636,Manager,10285821,2020-08-02,Marketing,Menikah,jamesmartin@rodriguez.com,Seamless 3rdgeneration frame
EMP0804,Shelby Adams,40,"8243 Wells Squares Suite 540, West Robertmouth, WV 85935",(342)726-2419,Technician,10337494,2024-05-01,Operations,Lajang,cramirez@yahoo.com,Multi-tiered fresh-thinking firmware
EMP0805,Billy Ballard,24,"Unit 5565 Box 5853, DPO AE 55163",085.455.3883x67042,Technician,13420828,2017-04-18,Marketing,Menikah,davisdarren@hotmail.com,Face-to-face static infrastructure
EMP0806,Anthony Dunlap,34,"USCGC Davis, FPO AA 55103",+1-015-046-0355x931,Technician,9019873,2021-03-06,Operations,Menikah,hudsondavid@davis.net,Advanced value-added intranet
EMP0807,William Roberts,50,"89219 Kelley Walks Apt. 231, North Vickieville, NE 78149",001-688-470-4378x7974,Technician,13468689,2020-03-26,Logistics,Lajang,pmartinez@gmail.com,Seamless scalable neural-net
EMP0808,Dr. Melissa Baker DDS,42,"0795 Nathan Motorway, South Cassandrabury, DC 69987",+1-180-642-2612,Coordinator,14028355,2015-08-11,Finance,Menikah,ortizelaine@gmail.com,Visionary didactic info-mediaries
EMP0809,Joshua Turner,60,"8678 Tiffany Row Apt. 851, Natashaton, IN 06672",742-112-2895x5247,Manager,8095698,2020-04-02,HR,Menikah,pooleaudrey@davis-rowland.com,Synergized human-resource workforce
EMP0810,Jonathan Ross,24,"103 Walter Plain, East Melissaside, OK 12589",975.786.8338x72599,Assistant,7501219,2024-01-21,IT,Cerai,prattmelissa@hotmail.com,Assimilated needs-based knowledgebase
EMP0811,Christopher Glenn,24,"290 Christopher Court Apt. 305, East Kelli, MT 77497",+1-862-113-9645x4784,Technician,14543548,2022-05-19,HR,Menikah,kchen@yahoo.com,Polarized analyzing superstructure
EMP0812,Latasha Ward,42,"394 Scott Junction Apt. 972, Davistown, AR 44332",+1-325-725-0792x186,Analyst,12474082,2023-09-15,Operations,Cerai,natasharangel@jones-burke.info,Programmable logistical budgetary management
EMP0813,Eric Watson,48,"46173 William Hollow Apt. 373, Richardsonland, NC 71621",+1-330-061-4910x4204,Executive,4927987,2018-10-21,Operations,Cerai,ewilliams@gmail.com,Intuitive mobile installation
EMP0814,Mitchell Miranda,48,"7039 Hill Groves, Georgeton, AZ 21696",+1-252-379-5886x685,Consultant,3410062,2015-06-07,HR,Menikah,reyeslaura@gmail.com,Proactive directional adapter
EMP0815,Timothy Garcia,35,"212 Alexander Locks, South Courtney, VA 04231",+1-681-914-5381x40712,Analyst,11242984,2016-07-08,Sales,Menikah,laura69@yahoo.com,Seamless heuristic policy
EMP0816,Eric Williams,39,"1155 Anderson Rapids Apt. 210, Laurenberg, CO 79373",598-776-0871,Assistant,3188444,2016-10-07,Sales,Menikah,zcarter@yahoo.com,Self-enabling zero tolerance strategy
EMP0817,Valerie Fleming,29,"USCGC Foster, FPO AA 57793",001-556-216-0630x868,Analyst,9813890,2019-02-28,IT,Cerai,arthurjohnson@logan-jones.com,Function-based intermediate database
EMP0818,Nicole Morse,57,"80851 Aguilar Motorway, Garyborough, IA 85816",001-957-527-8994,Assistant,12315331,2015-02-28,Marketing,Lajang,ymcdonald@yahoo.com,Open-architected client-driven orchestration
EMP0819,William Owens,58,"5891 Peter Square Suite 563, New Jamesburgh, GA 08402",(922)783-0759x7313,Analyst,11992744,2015-04-02,Finance,Cerai,usmith@randall-holland.com,Team-oriented needs-based hardware
EMP0820,Amy Oliver,41,"64819 Brianna Forks, Peterville, MN 90473",905.073.2658x9326,Coordinator,6466443,2023-09-27,IT,Lajang,triciakline@hunt.com,Public-key directional orchestration
EMP0821,Anthony Stewart,33,"3904 Andrea Branch, Coleborough, NC 15840",(153)692-2034x749,Assistant,16781332,2021-12-12,HR,Menikah,cardenassamantha@myers.com,Multi-channeled 24hour synergy
EMP0822,Taylor Lawson,57,"Unit 3895 Box 3686, DPO AP 51905",928-800-9553,Analyst,13023159,2014-12-12,Logistics,Lajang,jamesjohnson@hall-haynes.org,Integrated holistic groupware
EMP0823,Lori Davis,46,"1442 Tina Fall, North James, IA 59097",819.709.3787,Manager,15651578,2017-05-18,HR,Menikah,katrina96@hotmail.com,Vision-oriented leadingedge projection
EMP0824,Darren Riddle,28,"USCGC Farmer, FPO AP 64712",578-403-1970,Consultant,13912920,2022-03-01,HR,Lajang,edwardsjoseph@yahoo.com,Cross-platform explicit groupware
EMP0825,Erica Perkins,53,"0807 Sherry Square, Port Donald, MA 68996",001-591-379-3621,Technician,5095262,2018-03-05,Operations,Cerai,kaitlynparker@smith.com,Cloned intermediate methodology
EMP0826,Kenneth Maxwell,28,"807 Kevin Fords, Jennyview, SD 27036",001-592-528-4160x6915,Technician,8255361,2023-07-11,Logistics,Menikah,sdavis@hodges.info,Organic demand-driven orchestration
EMP0827,Jessica Wheeler,41,"092 Wilson Village Suite 824, Harrisonport, MA 74627",070.324.5469x446,Assistant,6629994,2024-11-17,Marketing,Menikah,smithannette@calderon-watson.org,Triple-buffered cohesive strategy
EMP0828,Tammy Smith,55,"2394 Stanley Ville Suite 574, Jamesside, NH 63445",524-891-5344x538,Technician,17927561,2019-10-07,HR,Lajang,ireynolds@woods-rose.com,Visionary radical encryption
EMP0829,Jeffrey Hamilton,38,"929 Montgomery Curve, Kaylabury, MO 88266",(928)472-0751,Consultant,4215640,2015-09-12,Logistics,Cerai,mpope@aguirre-christian.com,Sharable national toolset
EMP0830,William Zuniga,28,"PSC 6570, Box 8277, APO AP 25206",(132)064-1226x8983,Manager,7651767,2017-11-26,Marketing,Lajang,jweiss@yahoo.com,Visionary eco-centric service-desk
EMP0831,Julie Williams,47,"991 Cook Road, Kaylaville, MA 37714",001-144-300-6326x24200,Executive,12473536,2019-09-02,Logistics,Cerai,btapia@delacruz.com,Proactive contextually-based archive
EMP0832,Ashley King,30,"66218 Diane Courts, Lake Michael, NH 12075",(199)767-3911x74082,Manager,11641452,2015-10-22,HR,Menikah,sanchezbarbara@sexton-mcconnell.net,Open-architected optimizing pricing structure
EMP0833,Ashley Gill,36,"43534 Lloyd Via, South Rachel, WA 87574",025.072.1583x368,Technician,11475375,2015-04-23,IT,Cerai,ringram@hotmail.com,Multi-layered static extranet
EMP0834,Cheyenne Dickson,47,"PSC 3087, Box 6453, APO AA 54879",199.066.5056,Executive,17527082,2020-07-02,Sales,Lajang,njohns@thornton-walker.com,Synchronized explicit protocol
EMP0835,Mary Mendoza,57,"16397 Angela Knolls, East Daniel, MS 38166",560-102-3604,Technician,3467655,2022-04-08,Marketing,Lajang,conniemoody@lewis-davidson.biz,Horizontal zero administration hierarchy
EMP0836,Joshua Garcia,60,"778 Jones Key, Andrewsview, OK 61074",+1-016-420-4271x8014,Consultant,19393237,2016-04-27,Sales,Lajang,thomassuarez@hotmail.com,Optional analyzing process improvement
EMP0837,Sarah Smith,50,"8522 Elizabeth Hollow, Yangside, DE 77955",+1-111-154-3530x174,Technician,10541075,2017-07-07,Sales,Menikah,amberanderson@yahoo.com,Cloned motivating firmware
EMP0838,Nathan Morris,52,"USNV Wilkerson, FPO AP 64046",+1-749-828-1923x851,Assistant,5211233,2015-10-24,Marketing,Menikah,rebeccasolis@yahoo.com,Phased 5thgeneration approach
EMP0839,Sarah Atkins,50,"7104 Smith Coves Suite 916, West Joannebury, KS 82721",+1-222-266-0997,Consultant,10114647,2023-08-15,Logistics,Lajang,pmartin@hotmail.com,Cloned interactive collaboration
EMP0840,Andrew Riley,53,"041 Miller Landing Apt. 577, New Thomasville, WA 28495",+1-967-517-2253x85490,Consultant,8742179,2022-01-29,Marketing,Cerai,vdiaz@gmail.com,Compatible content-based initiative
EMP0841,Kathleen Li,38,"816 Charlotte Island Suite 290, Jessicatown, PA 01419",+1-778-888-3393x868,Manager,12655289,2022-07-16,Finance,Menikah,tfoster@woodard.net,Reduced encompassing emulation
EMP0842,Ashley Anderson,52,"43082 Campbell Flats, Richardshire, MI 85955",9888854075,Executive,14507979,2019-01-22,Sales,Cerai,cantrellaudrey@ross-park.com,Vision-oriented content-based product
EMP0843,William Payne,22,"USS Nielsen, FPO AP 24779",790.248.8428x77147,Executive,18098691,2024-09-26,Logistics,Menikah,michelleperez@hotmail.com,Future-proofed modular benchmark
EMP0844,Jared Brown,38,"61677 Brian Terrace, Greenebury, WV 25585",665-174-0382,Manager,14723410,2016-05-19,Finance,Lajang,wadejessica@mitchell.com,Adaptive motivating orchestration
EMP0845,Daniel Hobbs,34,"8034 Robertson Isle, Christopherton, PA 32277",503.356.1148,Coordinator,9458951,2023-07-16,Operations,Lajang,jacob70@waters-griffith.com,Multi-lateral exuding alliance
EMP0846,Daniel Clayton,48,"56951 Kimberly Mills, Jennifermouth, NC 09540",718.560.7221,Executive,10764982,2016-08-14,IT,Lajang,nmccarty@yahoo.com,User-centric fresh-thinking forecast
EMP0847,Kelly Hughes,34,"11092 Proctor Expressway, Lake Robynmouth, IN 13841",+1-636-110-8439x492,Consultant,3034019,2016-05-31,Finance,Menikah,brian99@pearson.org,Optimized radical open system
EMP0848,Michael Thompson,31,"619 Cook Fields, North Lisaville, DE 90190",001-020-597-5859x07812,Technician,12340297,2016-04-03,HR,Cerai,christine44@bowman.com,Fully-configurable content-based installation
EMP0849,Erik Mcknight,59,"8864 John Pike, Phillipsville, WA 06845",533-736-8211,Executive,3463789,2023-02-16,IT,Cerai,gary43@gmail.com,Exclusive full-range architecture
EMP0850,Bryan Leonard,59,"27957 Kathryn Drive Suite 002, Lake Erica, OR 63791",+1-882-042-4914,Manager,13133396,2015-03-26,Finance,Cerai,bpoole@johnson.com,Optimized local migration
EMP0851,John Morales,26,"4513 Monica Expressway, Parkerport, ME 95476",342.518.0621,Analyst,6799654,2021-09-03,IT,Cerai,antonioharrington@gmail.com,Future-proofed fresh-thinking Graphical User Interface
EMP0852,Chelsea Cortez,33,"80555 Barbara Roads, Lake Kristen, FL 70201",001-536-856-8423x4518,Manager,3144213,2022-01-29,Sales,Lajang,nealteresa@christensen-morse.com,Visionary transitional utilization
EMP0853,Daniel Bradshaw,42,"USNV Gay, FPO AA 47831",(905)842-8251x37625,Analyst,4481417,2016-05-27,Marketing,Cerai,jonesariana@gmail.com,User-friendly national project
EMP0854,Matthew Dyer,60,"8131 Chan Glen, Matthewton, SD 05928",570.711.4988x215,Technician,5436194,2015-11-04,Operations,Menikah,jessica39@anderson.net,Enterprise-wide background conglomeration
EMP0855,Julia Ferrell,53,"5022 James River, Floresberg, DE 34515",660-323-7649x02743,Technician,18099073,2024-09-17,HR,Menikah,lawrencemitchell@yahoo.com,Centralized clear-thinking challenge
EMP0856,Harry Friedman,34,"510 Hale Bridge Apt. 298, Mackenziehaven, WI 02960",+1-341-707-0078,Consultant,4805732,2017-08-04,Finance,Menikah,seancobb@yahoo.com,Quality-focused value-added matrix
EMP0857,Victoria Pierce,59,"594 Jones Plain Apt. 957, Longport, AK 52897",+1-682-147-5158x54797,Assistant,14724394,2014-11-22,Marketing,Cerai,imeyers@martinez.com,Triple-buffered foreground alliance
EMP0858,Danielle Lopez,34,"0403 John Inlet, Howardton, FL 93357",+1-827-914-3319x9138,Executive,19797647,2019-06-08,Marketing,Menikah,rlawrence@hotmail.com,Implemented responsive initiative
EMP0859,Alexandra Williams,54,"92647 Michael Estate, Mitchellton, WY 63204",118.994.1516x245,Analyst,6917400,2022-09-13,IT,Lajang,joseph27@hotmail.com,Reverse-engineered grid-enabled knowledgebase
EMP0860,Alexa Lopez,45,"3420 Rogers Square Suite 897, North David, VT 13930",+1-100-758-1583,Coordinator,6612690,2017-03-29,Logistics,Menikah,andrea99@vazquez.com,Assimilated responsive encryption
EMP0861,Andrew Clark,48,"10231 Bridges Meadows, Gonzalezborough, NM 92918",122-049-3148x066,Analyst,5302287,2015-06-28,Sales,Menikah,heathershaw@hotmail.com,Team-oriented grid-enabled access
EMP0862,Robert Brennan,53,"59710 Pamela River, Jacksonfort, CT 19279",8167124372,Consultant,14221108,2020-09-17,Marketing,Lajang,andersondale@gmail.com,Total leadingedge intranet
EMP0863,Vicki Jones,55,"440 Franklin Brook, Shepherdhaven, SC 49335",001-886-738-4125x78932,Assistant,19118966,2021-08-24,Sales,Cerai,hernandezapril@yahoo.com,Digitized tangible info-mediaries
EMP0864,Derek White,29,"9444 King Lock Suite 277, Natalieton, NY 26072",(939)596-1370,Manager,5221057,2023-05-16,Logistics,Menikah,lsanders@yahoo.com,Team-oriented well-modulated matrices
EMP0865,Jonathan Sexton,41,"679 Jason Shore Suite 664, Smithland, CA 71161",+1-162-557-9158,Executive,5663592,2021-06-25,Operations,Lajang,wadejack@hotmail.com,Synchronized global core
EMP0866,Stephanie Beard,27,"03320 Jeffrey Underpass, New Joseph, MD 26842",001-669-853-2843,Coordinator,5534491,2024-09-12,Logistics,Lajang,irichardson@hotmail.com,Fundamental empowering benchmark
EMP0867,Valerie Swanson,32,"3033 Jones Hill Suite 230, Summerport, MD 43821",+1-764-825-9234x7210,Technician,16338461,2022-02-11,IT,Cerai,jamesparker@hotmail.com,Automated mission-critical encoding
EMP0868,Pamela Sweeney,26,"192 Troy Roads Suite 518, New Mary, VA 26719",001-966-661-2285x207,Analyst,16925831,2015-03-10,Sales,Menikah,lhorton@yahoo.com,Versatile empowering intranet
EMP0869,Trevor Walsh,54,"7471 Jamie Drive, Wallerchester, CA 71860",+1-661-675-5085x27711,Executive,5249199,2015-04-17,Logistics,Cerai,kimberlymurphy@hotmail.com,Multi-lateral bottom-line throughput
EMP0870,Robert Lucas,54,"62644 Fernando Mill Suite 260, Allenfurt, RI 56691",069.141.7467,Coordinator,10930851,2023-02-08,Marketing,Lajang,vcarter@gmail.com,Upgradable explicit Local Area Network
EMP0871,Jeremiah Brown,47,"3563 Aguilar Orchard, South Natashafort, TX 78366",001-575-526-9944,Executive,3086839,2020-03-04,Marketing,Menikah,craigbridges@hotmail.com,Innovative executive knowledge user
EMP0872,Robin Smith,45,"2853 Jackson Fork Apt. 895, Lake Amyberg, CA 17619",2812725450,Manager,10735984,2015-11-09,Marketing,Lajang,josephbrown@graham.info,Multi-lateral zero administration synergy
EMP0873,Juan Bailey,36,"731 Sherman Field, Eddieville, MI 64586",078-349-8337x9556,Consultant,12914771,2022-02-26,Finance,Menikah,uriley@yahoo.com,De-engineered transitional structure
EMP0874,Gina Fernandez,51,"78562 Kimberly Way Suite 041, Reedmouth, DC 61930",(183)255-7949x30978,Consultant,4869635,2021-03-24,Finance,Lajang,grant34@reyes.com,Stand-alone national conglomeration
EMP0875,Gina Bennett,54,"80388 Brown Manors, Lake Amanda, WA 79425",905-028-3081x62271,Executive,15062637,2024-02-14,Sales,Lajang,michael76@brown.biz,Customer-focused mission-critical challenge
EMP0876,Daniel Miller,36,"672 Byrd Freeway, Ericview, GA 36316",+1-513-032-7222,Analyst,18622704,2015-11-10,Finance,Menikah,ncarter@cox.com,Diverse composite algorithm
EMP0877,Nicole Sanchez,39,"20708 Smith Streets Apt. 337, West Lindaview, OH 86288",001-975-037-3543x408,Consultant,10916216,2016-04-29,Marketing,Lajang,tracy16@yahoo.com,Reduced leadingedge extranet
EMP0878,Jacob Russell,53,"140 Williams Stravenue Apt. 109, Mcconnellview, IL 75733",2207931070,Technician,4597312,2016-11-06,Operations,Lajang,jessica17@hotmail.com,User-centric value-added infrastructure
EMP0879,Denise Anderson,29,"633 Anderson Key Apt. 771, Parrishside, TN 84391",001-321-888-9140x0171,Manager,7830006,2018-10-18,Logistics,Cerai,tcooper@yahoo.com,Open-architected optimizing open system
EMP0880,Nicholas Moore,55,"618 Christian Point, Kevinside, MI 49833",751.056.9766x7114,Coordinator,13332828,2017-10-25,Sales,Menikah,ross64@hendrix.info,Business-focused human-resource ability
EMP0881,Susan Wright,47,"06059 Natasha Manors, South Joelberg, NJ 11383",001-533-006-3713x298,Analyst,15942290,2022-03-01,IT,Lajang,mary56@gmail.com,Triple-buffered bottom-line open architecture
EMP0882,Lindsey Bailey,26,"697 Wilson Stream Apt. 875, Sarahmouth, CO 51770",142-447-3879x76825,Manager,8059850,2021-01-03,Finance,Cerai,torresgeorge@gray.com,Multi-lateral next generation success
EMP0883,Maria Lyons,23,"4050 Brown Lock Apt. 639, South Marie, NH 58624",576.800.7243,Manager,13010267,2015-08-27,Sales,Menikah,xware@yahoo.com,Self-enabling incremental projection
EMP0884,David White,38,"PSC 1450, Box 2962, APO AP 88630",(722)353-5222,Executive,5044663,2021-03-20,Operations,Menikah,amy06@yahoo.com,Proactive zero-defect encoding
EMP0885,Margaret Freeman,34,"8980 Janet Circles, South Kelly, PA 52146",001-005-379-4075,Consultant,9879540,2023-10-23,IT,Lajang,nfranklin@hotmail.com,Ergonomic regional implementation
EMP0886,Jeremy Jackson,52,"20515 Leah Shores, West Natashachester, NV 17258",1408438900,Manager,5291324,2015-01-29,Finance,Menikah,candace08@martin.biz,Cloned 4thgeneration strategy
EMP0887,Jesus Davis,53,"9299 Fuller Highway, Saraview, NC 33666",568-023-1811x815,Coordinator,8228275,2018-04-13,Logistics,Lajang,joanna72@gmail.com,Organized mobile Internet solution
EMP0888,Adam Roberts,34,"62822 Tracy Views, South Jillianland, NJ 20586",001-695-326-5267x5575,Technician,14971938,2021-06-18,Finance,Lajang,tarahorn@yahoo.com,Robust cohesive superstructure
EMP0889,Stephen Sanchez,26,"8721 Reynolds Summit, Heatherhaven, DC 02415",411-020-0950x632,Manager,19999028,2016-01-28,Finance,Menikah,brownrobert@yahoo.com,Future-proofed 24/7 definition
EMP0890,Kathy Maxwell,59,"3637 Gill Flat Apt. 141, North Cheyenneland, WV 39954",+1-750-824-7479x54546,Coordinator,15018154,2019-08-19,IT,Lajang,zjordan@fowler.com,Multi-channeled transitional encryption
EMP0891,Marcia Ellis,43,"7161 Owens Lake Suite 789, Smithland, WA 41799",001-830-453-1974,Assistant,14035381,2019-08-12,Sales,Cerai,mitchelljoshua@gmail.com,Automated exuding pricing structure
EMP0892,Damon Garcia,31,"346 Hanson Gateway, Lake Davidside, SC 84909",(664)821-8770,Assistant,19649150,2023-07-11,Operations,Menikah,olsenkathryn@gmail.com,Advanced responsive parallelism
EMP0893,Adam Schwartz,43,"6228 Ronald Junctions, Briggshaven, MN 78269",001-609-306-1333x096,Executive,6454281,2017-09-01,HR,Cerai,bryan92@gmail.com,Mandatory actuating conglomeration
EMP0894,Cody Ramos,56,"8819 Robert Hill, Lopezbury, CO 54200",(594)093-8853,Assistant,6992186,2024-05-16,Sales,Lajang,hoffmanshannon@patterson-miller.com,Stand-alone real-time Internet solution
EMP0895,Scott Green,24,"7120 Kevin Mall, Laurenmouth, AZ 94087",622.471.4005x1831,Coordinator,8410667,2018-12-11,IT,Lajang,rcook@yahoo.com,Re-engineered background concept
EMP0896,Aaron Hill,51,"15434 Joshua Park, Deanfort, AR 39348",+1-316-967-0578x8148,Technician,16091681,2018-08-24,Finance,Menikah,smithrebecca@gmail.com,Implemented well-modulated synergy
EMP0897,Melissa Marsh,29,"8652 Mary Street, New Julianland, MT 33823",(479)826-6705x6101,Technician,16653625,2021-04-30,Operations,Cerai,travis03@lucero-ferguson.com,Assimilated responsive system engine
EMP0898,Teresa Nelson,48,"39714 Nicholas Estates Suite 396, North Mary, ID 32230",329-597-5213,Coordinator,4322145,2018-08-22,Finance,Menikah,brandoncollins@gmail.com,Front-line tertiary parallelism
EMP0899,Sarah Love,49,"358 Keith Island, Thomashaven, MS 85579",319.520.3916x29505,Manager,10324132,2018-10-18,HR,Lajang,christopher88@gmail.com,Streamlined background standardization
EMP0900,Mr. Douglas Mitchell,22,"6677 Burnett Forest Suite 331, West Glen, DC 53660",(339)954-2270x508,Consultant,16084009,2016-06-05,Marketing,Cerai,mckenziesharon@gmail.com,Multi-layered 3rdgeneration paradigm
EMP0901,Anthony Sullivan,27,"4695 Brown Mount Suite 974, Jameschester, IN 93118",(837)113-0919,Coordinator,11074422,2023-04-06,Operations,Lajang,robertmejia@ramos-thomas.com,User-centric neutral interface
EMP0902,Matthew Wolfe,49,"823 Lorraine Summit Suite 737, West Brandy, ME 09758",001-300-033-4650x8323,Coordinator,15578761,2016-11-30,Operations,Menikah,angela52@gmail.com,Networked scalable function
EMP0903,Brandi Cannon,30,"39660 Griffin Tunnel Suite 383, Lisatown, NE 13305",001-093-366-7118x83176,Analyst,16876440,2024-09-22,HR,Menikah,lewislaura@yahoo.com,Public-key real-time methodology
EMP0904,Jennifer Ware,59,"7735 Mckenzie Mews, Nicholasfurt, TX 61451",(213)619-0777,Coordinator,7750416,2019-11-21,Logistics,Lajang,christophercantu@yahoo.com,Organic transitional ability
EMP0905,Tina Lee,39,"07161 Mark Flats Apt. 289, North Mark, TN 97155",(102)421-5472x6404,Manager,10412476,2023-10-03,Marketing,Lajang,rparks@hotmail.com,Enterprise-wide zero tolerance time-frame
EMP0906,Joseph Williams,44,"8720 Henderson Prairie, Hernandezton, NE 36077",+1-596-724-7630x859,Executive,5889359,2022-02-11,HR,Lajang,powelldanielle@lyons-harris.com,Ameliorated intangible throughput
EMP0907,Nancy Perez,59,"79058 Wesley Corner, Noahstad, CT 63247",992.308.9386x0462,Manager,14260944,2015-08-31,Finance,Lajang,sgilbert@yahoo.com,Ameliorated empowering throughput
EMP0908,Pam Lewis,36,"61843 Mark Stream, South Richard, HI 33668",045.138.1347x1334,Technician,16390915,2015-02-18,Logistics,Menikah,mccoydaniel@mosley.com,Universal value-added solution
EMP0909,Alyssa Garza,48,"068 Flores Meadow, Kellyport, NY 86531",(575)308-9823x590,Analyst,19982073,2019-10-26,Operations,Menikah,josephprice@yahoo.com,Visionary bottom-line pricing structure
EMP0910,Aaron Hess,24,"PSC 3627, Box 3798, APO AE 26469",+1-846-780-7835x542,Analyst,13311172,2022-08-10,Operations,Cerai,christopher87@hotmail.com,Exclusive holistic algorithm
EMP0911,Christina Sanders,60,"0996 Nicholas Tunnel Suite 942, East Lance, MA 21566",001-319-942-1168x670,Coordinator,14785927,2015-10-22,Operations,Menikah,robert89@harmon-edwards.net,Sharable multi-state secured line
EMP0912,Rachel Rojas,53,"1279 Richard Radial Apt. 695, North Tarahaven, OK 35413",(625)989-1069,Manager,16938432,2019-11-08,Operations,Menikah,castillohelen@gmail.com,Front-line global hierarchy
EMP0913,Deborah Weaver,42,"20203 Martin Pine Suite 214, Melissamouth, AR 48968",0899685875,Coordinator,17627564,2019-03-27,IT,Cerai,jessecarson@yahoo.com,Visionary bottom-line data-warehouse
EMP0914,Joseph Burnett,48,"721 Lisa Drive, Lake Miranda, DC 61171",900-941-0305,Analyst,6936965,2016-09-30,Operations,Lajang,rodriguezchristina@glass.org,Up-sized regional help-desk
EMP0915,Stephanie Graves,41,"08037 Matthew Parks, Robertbury, WI 72078",001-721-726-7655x3795,Executive,6330646,2016-09-13,HR,Lajang,peggy44@hotmail.com,Synchronized radical firmware
EMP0916,Dustin Peters,25,"700 Roach Stream, West Brucetown, HI 80133",557.043.6498x9405,Consultant,18420995,2016-09-12,HR,Cerai,thomas76@williams-thompson.com,Customizable impactful utilization
EMP0917,Travis Williams,42,"Unit 5491 Box 4024, DPO AA 24147",+1-227-769-9924,Analyst,15687575,2015-04-15,Operations,Lajang,sandrarios@flowers.com,Robust real-time help-desk
EMP0918,Kenneth Mendez,22,"79161 Powers Field, Murphyfurt, CA 72662",939.857.1358,Manager,11241609,2022-01-09,Logistics,Lajang,alexanderkristin@hotmail.com,Object-based multimedia workforce
EMP0919,Lori Daniel,40,"94829 Turner Spur Suite 795, East Johntown, ME 36458",+1-292-045-1623x132,Analyst,8478841,2022-09-22,IT,Menikah,mccartypatricia@patel-warren.com,Enhanced empowering capacity
EMP0920,Dalton Gonzalez,44,"140 Sheila Center, Cherryhaven, CO 62759",618-416-4137x78585,Technician,6977530,2019-04-06,Logistics,Menikah,radkins@davis.info,User-friendly system-worthy adapter
EMP0921,Tammy Sanders,22,"196 Denise Island Apt. 276, West Timothy, NE 40363",(462)758-2792x253,Manager,5791008,2019-07-13,Logistics,Cerai,dustinlewis@gmail.com,Organic object-oriented open architecture
EMP0922,Paul Miller,27,"7000 Sandra Canyon Suite 468, Foxshire, GA 88364",(255)093-4749,Executive,3752214,2019-09-06,IT,Menikah,stantonbrandon@moreno.biz,Configurable 6thgeneration portal
EMP0923,John Taylor,31,"3807 Brown Squares Apt. 332, Port Lorihaven, NJ 82147",+1-877-545-6303,Technician,14161701,2015-07-17,Sales,Cerai,smerritt@yahoo.com,Automated mobile success
EMP0924,Tracey Bauer,36,"127 Delgado Rapid Suite 224, Aliciashire, MO 15390",(963)130-7274,Consultant,12831972,2016-10-24,Marketing,Cerai,toddpowell@gmail.com,Intuitive encompassing budgetary management
EMP0925,Tommy Hawkins,27,"062 Holmes Trace, Dawnland, WI 45183",3682274396,Assistant,12615088,2021-12-17,IT,Menikah,leekaitlin@gmail.com,Balanced asynchronous capability
EMP0926,Jimmy Weber,37,"114 Stephanie Vista, Gallegosburgh, SC 06272",+1-740-600-0682x18176,Manager,3630976,2020-07-27,Operations,Menikah,shelbyperez@allen-miller.com,Reactive cohesive emulation
EMP0927,Emily Johnson,43,"04598 Heather Haven Apt. 517, West Stevemouth, NV 91602",001-328-871-4271,Manager,3045665,2019-09-07,Logistics,Menikah,shannon61@henderson.com,Optimized neutral database
EMP0928,Abigail Ramirez,56,"6008 Tanya Expressway Suite 323, South Virginia, MS 16774",067-169-3397,Assistant,14934901,2024-02-18,Sales,Lajang,angelajohnson@hotmail.com,Down-sized reciprocal system engine
EMP0929,Keith Price,53,"002 John Drive, West Katherinefort, MT 31214",+1-981-606-5482x1110,Manager,9217271,2022-01-05,Sales,Cerai,melissaallen@hotmail.com,Profit-focused 24hour methodology
EMP0930,Gabriel Morris,28,"43506 Robert Via Suite 446, Ewington, AL 61981",184.519.8448x70399,Manager,19620499,2024-10-21,Operations,Menikah,bwilson@hotmail.com,Assimilated scalable open system
EMP0931,Ethan Anderson,51,"PSC 8719, Box 7011, APO AA 43836",687.824.7808x46034,Executive,10661526,2020-03-18,HR,Cerai,jennifer45@wallace.biz,Multi-layered solution-oriented Graphic Interface
EMP0932,Sandra Klein,45,"1965 Noah Creek Suite 933, Hansenburgh, MA 97880",(745)974-1237x96613,Analyst,10239408,2022-10-02,Finance,Cerai,uclark@gmail.com,Front-line bottom-line model
EMP0933,Ashley Cook,31,"344 Colleen Glens Apt. 942, South Wendybury, AR 16308",481.213.0617x145,Coordinator,15453751,2022-09-21,Marketing,Lajang,gonzalezsherri@robbins-morton.com,Seamless real-time attitude
EMP0934,Emily Carey,42,"1834 Cook Mission Suite 189, Port Victor, VA 27924",(350)746-4178x0651,Technician,11479626,2022-10-10,Finance,Menikah,smithjessica@williams.org,Proactive 24hour archive
EMP0935,Dawn Livingston,58,"555 Richard Squares, Lake Matthew, OR 86353",(486)731-8860x509,Executive,11590078,2015-01-22,Finance,Lajang,gfrye@rice.com,Stand-alone logistical support
EMP0936,Brandon Soto,48,"61405 Mendoza Junction, Simmonsville, PA 45340",001-260-426-6512,Manager,13116577,2022-08-19,Operations,Menikah,dawn27@riley.com,Multi-tiered multimedia benchmark
EMP0937,Paul Phillips,26,"4026 Robertson Terrace Suite 275, West Carolyn, SC 89627",976-666-7079,Assistant,13254692,2016-03-30,Marketing,Cerai,brandi43@martinez-garrett.com,Grass-roots explicit circuit
EMP0938,Sherri Davis,60,"1962 Sean Forge Suite 643, North Kyle, KY 28239",242-816-6099x7922,Manager,10362899,2020-06-11,IT,Menikah,avilamegan@gmail.com,Extended next generation portal
EMP0939,Denise Contreras,31,"430 Shepard Union Suite 200, New Jenniferton, AL 79181",539-071-8641x7624,Consultant,19893339,2017-08-16,IT,Cerai,aaron59@horton-gonzalez.org,Optional hybrid access
EMP0940,Janice Floyd,46,"809 Miller Port, Jonesview, CT 21161",(698)744-0784x217,Assistant,14563375,2016-10-13,IT,Lajang,ronald27@gmail.com,Stand-alone 6thgeneration model
EMP0941,Melissa Anderson,24,"19451 Christopher Squares Suite 046, South Anthonymouth, WY 46859",+1-009-090-7818x17685,Analyst,14159531,2020-04-27,Logistics,Lajang,nathanielacevedo@barker.com,Business-focused modular synergy
EMP0942,Diana King,38,"623 Howard View, Larrybury, TN 54638",645.677.2539,Manager,3888713,2015-10-10,Logistics,Menikah,thomas27@gmail.com,Public-key fault-tolerant model
EMP0943,Deborah Gordon,33,"69316 Marc Lakes, Marcusstad, MI 45849",001-642-913-5473x2117,Assistant,16420159,2019-09-30,Marketing,Cerai,noah04@clay.com,Customer-focused system-worthy leverage
EMP0944,Richard Perez,30,"USNS Ewing, FPO AA 55874",001-509-166-4521x4844,Assistant,13526486,2020-06-14,Sales,Lajang,armstrongsusan@ortiz.com,Balanced mission-critical archive
EMP0945,Doris Mcbride,31,"94808 Zachary Forks Apt. 103, Port Andrew, AZ 87568",805.469.3543,Assistant,12870622,2016-03-25,Operations,Lajang,frances86@deleon-russell.com,Optional modular orchestration
EMP0946,James Mueller,41,"0527 William View, Port Lisa, WV 73868",001-644-798-6861x3579,Coordinator,15006080,2023-01-07,Marketing,Menikah,brittany80@patel.biz,Managed discrete function
EMP0947,Joseph Barber,28,"7833 Shawn Station, West Matthew, CT 77604",(356)575-8381x637,Executive,15254260,2017-06-30,Sales,Menikah,jill43@yahoo.com,Customer-focused content-based instruction set
EMP0948,Danielle Phillips,22,"662 Dawn Mission Suite 305, Michaelshire, OR 34730",0291625020,Assistant,4965581,2021-10-07,Logistics,Menikah,david98@gmail.com,Focused responsive toolset
EMP0949,Mario Hernandez,37,"PSC 0541, Box 8885, APO AA 96203",(033)543-9256x1140,Consultant,6984586,2016-03-19,Sales,Menikah,usanchez@butler.org,Fully-configurable modular benchmark
EMP0950,Dr. Annette Sanders,23,"7628 Burke Loaf Apt. 555, New Melissahaven, CT 73531",(307)046-3200,Manager,3114107,2015-07-20,Operations,Cerai,uevans@yahoo.com,Future-proofed next generation model
EMP0951,Sarah Conner,34,"6475 King Lock, Yuville, IA 84571",9450140359,Executive,15724143,2016-09-28,Marketing,Menikah,bruce36@hotmail.com,Polarized optimizing function
EMP0952,Dwayne Coleman,35,"46185 Amy Valleys Suite 515, West Zacharyside, CA 74943",572-705-8039x4094,Executive,5519156,2018-04-07,Operations,Lajang,garciajennifer@yahoo.com,Realigned foreground firmware
EMP0953,Christopher Aguilar,56,"037 Rodriguez Land Suite 340, North Jacobton, MD 29395",950.998.9451,Assistant,5653321,2023-03-17,HR,Lajang,kristen26@graham.net,Ergonomic static help-desk
EMP0954,Timothy Garcia,27,"96832 Cohen Meadows Apt. 094, Timothyton, RI 03098",001-288-843-0388x652,Manager,4525088,2024-07-21,Sales,Lajang,jarvistyler@hotmail.com,Future-proofed neutral interface
EMP0955,Heather Ramirez,29,"271 Nathan Extension Suite 994, West Alisha, MN 07431",(441)616-6035x41009,Analyst,6991348,2016-09-21,Sales,Cerai,velezmarcus@jenkins.com,Advanced executive time-frame
EMP0956,Tanya Duncan,54,"386 Philip Meadow, Brownmouth, MA 08810",(464)426-7096x3721,Assistant,13042574,2020-03-21,Finance,Menikah,richardjackson@fernandez.org,Re-contextualized fault-tolerant parallelism
EMP0957,Steven Mitchell,50,"5750 Karen Drive, East Paulbury, IN 57398",(908)257-7301x78025,Manager,19167594,2018-09-04,HR,Cerai,parkersarah@yahoo.com,Networked upward-trending application
EMP0958,Theresa Reyes,48,"095 Kristi Circle Apt. 294, Thomasstad, DE 54128",001-418-437-0755x06185,Manager,3498817,2021-12-08,Marketing,Menikah,oliverjamie@gmail.com,Optimized bifurcated hardware
EMP0959,Micheal Garcia,32,"47761 Scott Heights, Castanedastad, NY 44724",907.152.5942,Consultant,11220633,2019-07-19,Operations,Menikah,aaronmaddox@hotmail.com,Focused responsive focus group
EMP0960,Donald Simpson,26,"52162 Jasmine Square, West Courtneyton, KS 82617",001-481-266-8209x0881,Manager,12086603,2015-10-16,IT,Lajang,schroedercaleb@gmail.com,Digitized multi-tasking extranet
EMP0961,Roy Rogers,23,"378 Barbara Greens, Lake Tylerhaven, NE 54865",930-409-0950x7124,Executive,13250237,2017-09-23,Sales,Lajang,ibarron@herman-jensen.com,Fully-configurable 5thgeneration product
EMP0962,Ronald Hill,52,"49574 Heather Knolls Apt. 248, South Lauren, ND 63837",(152)779-3897x381,Coordinator,4927041,2019-07-01,HR,Menikah,dennishopkins@joseph.com,Multi-tiered web-enabled toolset
EMP0963,Mark Green,60,"193 Rachel Well, Masonburgh, IN 90158",0138120480,Manager,19878303,2021-11-24,IT,Cerai,samanthahanna@ray-anderson.biz,Realigned discrete encryption
EMP0964,Donna Campbell,38,"86058 Coleman Walks, Douglastown, WA 12393",001-376-576-2471x054,Consultant,8503075,2024-05-09,HR,Lajang,patrickbrandon@guzman-mcguire.info,Profound fault-tolerant info-mediaries
EMP0965,Rachel Wilson,54,"13246 Harrison Parkway, Walshstad, WY 45758",716.083.7278,Coordinator,16571828,2022-05-10,IT,Lajang,pagekaren@phillips.com,Quality-focused neutral matrix
EMP0966,Tabitha Thompson,49,"USNV Peters, FPO AE 04211",541-898-4686,Consultant,12259364,2023-01-29,Logistics,Lajang,bakererik@hotmail.com,Open-architected even-keeled attitude
EMP0967,William Lewis,33,"83141 Brittany Spurs, South Linda, NY 44580",032-191-7306x912,Assistant,4078650,2024-03-09,Sales,Cerai,terri45@bailey.com,Innovative discrete implementation
EMP0968,Jeffrey Sheppard,55,"PSC 0564, Box 9165, APO AP 58783",897.902.7995,Analyst,15185443,2019-03-18,HR,Lajang,kevin73@yahoo.com,Synchronized value-added firmware
EMP0969,Mark Gonzales,30,"5284 Brandon Mountains Suite 698, Brianaville, ME 21106",(834)652-3095x06517,Analyst,11737319,2016-09-26,IT,Lajang,garciapaul@jones.com,Upgradable neutral database
EMP0970,Brett Lopez,53,"230 Rivera Springs Suite 622, Vasquezland, AK 20853",+1-531-888-0782,Technician,5936823,2024-06-04,Sales,Menikah,durhamhayden@yahoo.com,Diverse interactive superstructure
EMP0971,Emily Sanchez,25,"6551 Bell Cliffs, West Monica, MI 57625",339-981-7510x7742,Executive,12097572,2022-12-07,Marketing,Menikah,josephsherman@nelson-hudson.com,Diverse 6thgeneration focus group
EMP0972,Amanda Martinez,44,"1243 Gonzalez Place Suite 026, South Jermaineton, NV 12791",+1-539-541-7496x86613,Consultant,8526739,2023-04-18,Sales,Lajang,jonesjody@hotmail.com,Organic exuding framework
EMP0973,Donna Jennings,54,"98741 Watson Plain, New Ronaldhaven, SC 04347",(004)310-0378,Executive,13265846,2017-06-08,Logistics,Cerai,campbellbradley@yahoo.com,Advanced fault-tolerant standardization
EMP0974,Marissa Williams,38,"76815 Dakota Views Apt. 344, East Jimmy, DC 89228",001-313-731-5169x146,Coordinator,3423149,2021-09-14,HR,Menikah,jamesanderson@tate.com,Self-enabling bandwidth-monitored flexibility
EMP0975,Todd Crawford,39,"PSC 8200, Box 3782, APO AA 89772",(178)896-1370x442,Consultant,3516977,2024-08-07,Sales,Menikah,catherinemills@hughes.org,Persevering asynchronous data-warehouse
EMP0976,Greg Jacobs,49,"7703 Lauren Turnpike, Port Janetstad, IA 86345",676.263.7587x07570,Coordinator,14299307,2020-10-11,IT,Lajang,roger74@gmail.com,Up-sized solution-oriented utilization
EMP0977,Amy Spence,33,"1705 Tasha Key, East Jennifer, FL 01338",+1-183-597-2145x49116,Consultant,18345688,2024-05-24,Operations,Lajang,sean59@gmail.com,Configurable holistic data-warehouse
EMP0978,Justin Thomas,28,"1415 Johnson Heights Suite 505, Mccormickmouth, TN 91857",001-094-511-6348,Executive,3124020,2018-03-06,Operations,Cerai,richjessica@gmail.com,Fundamental didactic framework
EMP0979,Joseph Brown,28,"8344 Lori Route Apt. 947, North Richard, NH 23278",(192)346-4213,Analyst,9080422,2022-11-08,HR,Menikah,lisa90@yahoo.com,Extended solution-oriented access
EMP0980,Ronald Jennings,59,"56425 Barry Villages Suite 275, New Ronaldburgh, HI 10940",472-908-7803x560,Coordinator,5599511,2015-05-07,Marketing,Cerai,mary32@harrison.info,Seamless zero administration parallelism
EMP0981,Douglas Ellis,59,"USS Moses, FPO AP 97569",288.811.7783,Technician,3101542,2017-02-12,IT,Lajang,james97@bryant-jones.com,Fully-configurable executive hierarchy
EMP0982,Michelle Jones,22,"444 Gibbs Forks Suite 605, South Lori, CT 25302",+1-524-239-5874x65345,Executive,16662958,2015-12-19,IT,Lajang,kgarcia@hotmail.com,Reverse-engineered actuating artificial intelligence
EMP0983,William Ball,29,"4045 Odonnell Locks, West Amanda, AZ 24357",307-266-5041,Manager,12063167,2024-02-07,Operations,Lajang,kennethkennedy@kim-wallace.biz,Monitored systemic open architecture
EMP0984,Jill Wood,32,"275 Brown Springs, North Matthewshire, VA 16488",(165)338-0819x29907,Assistant,19181285,2015-01-24,IT,Menikah,sandrahernandez@hotmail.com,Innovative systematic challenge
EMP0985,Melissa Yu,26,"64485 Hannah Island, Port Timothyside, SD 55418",437-151-9641x98643,Technician,19082844,2020-05-25,HR,Lajang,jadams@hotmail.com,Networked context-sensitive intranet
EMP0986,Robin Weber,57,"7938 Jordan Isle Suite 693, Lake Kevin, SD 25621",589-407-2639x6538,Assistant,17943776,2020-06-11,Marketing,Menikah,eking@thompson.com,De-engineered bottom-line Internet solution
EMP0987,John White,30,"99078 Gabriel Rapids Apt. 477, West Laurenhaven, MA 98095",(524)149-7897x265,Technician,11520153,2022-01-14,HR,Menikah,ymoore@white.com,Organic client-driven process improvement
EMP0988,Brandon Brock,31,"64413 Thompson Flat Apt. 391, New Sandra, HI 36620",(167)544-2588x698,Consultant,6132293,2017-01-09,Operations,Cerai,jessica05@herrera.net,Monitored maximized Internet solution
EMP0989,Elizabeth Wilson,52,"6943 Jones Turnpike Apt. 816, Thompsonside, DC 78770",8553019438,Coordinator,10712456,2022-06-28,Finance,Cerai,samuelperry@raymond.com,Innovative fresh-thinking intranet
EMP0990,Samuel Higgins,53,"38926 Mercer Dam, South Jimmyfort, SD 64579",429.724.2956x9397,Technician,8215891,2022-09-13,Operations,Menikah,michael25@payne.com,Total full-range help-desk
EMP0991,Hannah Ray,55,"535 White Flat, West David, AK 96736",(403)246-7468,Consultant,10265302,2019-06-01,Sales,Menikah,uleach@evans-mckee.com,Synergistic exuding solution
EMP0992,Rachel Pace,49,"286 Alison Greens, South James, IL 64810",(090)885-5072,Analyst,16797407,2024-08-04,Finance,Cerai,sharon10@hotmail.com,Down-sized human-resource process improvement
EMP0993,Alexander Barnes,44,"389 Newton Drive Suite 263, Joshuatown, RI 22132",+1-743-659-4716x5584,Executive,17797661,2023-04-02,Logistics,Menikah,bjohnson@montoya-bartlett.com,Switchable value-added focus group
EMP0994,David Delgado,42,"794 Jacqueline Rue Suite 086, East Janetmouth, TX 13971",+1-795-034-6149x5992,Assistant,6759420,2023-02-11,Finance,Lajang,waynecarson@hotmail.com,Ergonomic didactic model
EMP0995,Christopher Le,60,"247 Tammy Coves, North Destinytown, FL 09001",238-486-4624x210,Technician,12213427,2022-03-18,IT,Menikah,ruthflores@yahoo.com,Programmable radical monitoring
EMP0996,Mike Jackson,33,"60336 Williams Branch Suite 344, South Lesliemouth, OK 14236",778-258-7555x68749,Analyst,7959421,2022-03-20,Marketing,Cerai,jessicahunter@hotmail.com,Ergonomic multi-tasking framework
EMP0997,Beth Lawson,43,"53598 Nancy Path Apt. 345, West Carolineland, AR 31605",628-204-0844x05776,Consultant,14277095,2014-11-25,HR,Cerai,krystalsharp@stone.org,Universal national product
EMP0998,Lindsey Lee,45,"0448 Smith Stravenue, South Kennethshire, OR 25724",966-663-1051,Assistant,4876573,2015-11-28,Operations,Menikah,ghenderson@braun.com,Stand-alone impactful capacity
EMP0999,Joanne Stokes,35,"5878 Jack Mission Suite 358, Lake Megan, MA 69216",+1-630-808-3055,Consultant,18001991,2020-09-16,Sales,Lajang,anne77@gmail.com,Configurable neutral moderator
EMP1000,Jasmine Campbell,58,"PSC 9463, Box 3775, APO AA 83358",822.601.0858x618,Technician,18407836,2021-08-21,Marketing,Lajang,vickiemckee@gonzalez-gonzalez.net,Future-proofed holistic protocol
